Jaar_laden;POSTCODE_LADEN;AANTAL_LAADLOCATIES; Totaal_KG_VRACHT ;Naam stal;Straat + huisnummer;Plaats;KVK nummer;tel nummer ;;;;
2024;0000BL;1;42200;;;;;;;;;
2024;1016GR;1;150100;;;;;;;;;
2024;1023CD;1;180000;;;;;;;;;
2024;1027AH;1;48500;Gj Van Meerveld;Broekergouw 16;Amsterdam;33205572;06 55542377;;;;
2024;1028AZ;1;20000;;;;;;;;;
2024;1028BA;1;581200;Melman Friese Paarden;Belmermeer 5;Amsterdam;;020-4031587;;;;
2024;1047AZ;1;23051400;;;;;;;;;
2024;1054GT;1;633600;De Hollandsche Manege;Vondelstraat 140;Amsterdam;;020-6180942;;;;
2024;1063VN;1;29000;;;;;;;;;
2024;1066CA;1;543500;Stichting Manege de Ruif;Sloterweg 675;Amsterdam;;020-6156667;;;;
2024;1067PJ;1;157000;;;;;;;;;
2024;1067TH;1;226800;;;;;;;;;
2024;1083HP;1;157000;;;;;;;;;
2024;1096CR;1;414890;Bereden Politie Nederland Amsterdam;Ouderkerkerdijk 140;Amsterdam;;9008844;;;;
2024;1103SB;1;612500;;;;;;;;;
2024;1108AZ;1;272500;;;;;;;;;
2024;1108BM;1;15000;;;;;;;;;
2024;1109BN;1;219900;;;;;;;;;
2024;1111HP;1;625840;Stichting Manege De Eenhoorn;Landlust 3;;;020-6953161;;;;
2024;1111PP;1;143000;;;;;;;;;
2024;1121NM;1;264200;;;;;;;;;
2024;1121NW;1;641500;Stal Kok;van Beekstraat 294;Landsmeer;52776476;06 51388856;;;;
2024;1127PM;1;223000;;;;;;;;;
2024;1141HH;1;196100;;;;;;;;;
2024;1141PD;1;75900;Maatschap Schouten;Overleek 1;Monnickendam;37159663;0299 654 185;;;;
2024;1151EC;1;240000;;;;;;;;;
2024;1151ED;1;532700;Stal Baco;Belmermeer 5;Broek in Waterland;37155118;06 57252485;;;;
2024;1153PK;1;399200;Veehouderbedrijf C Deun;Gouw 11;Zuiderwoude;37155036;020 403 1248;;;;
2024;1161GG;1;10900;;;;;;;;;
2024;1165MX;1;885300;;;;;;;;;
2024;1171RC;1;185000;;;;;;;;;
2024;1175KC;1;350000;;;;;;;;;
2024;1175KM;1;33000;;;;;;;;;
2024;1175KX;1;41500;;;;;;;;;
2024;1182AA;1;547860;;;;;;;;;
2024;1182AC;1;1180200;;;;;;;;;
2024;1183TA;1;300400;;;;;;;;;
2024;1183TK;1;14000;;;;;;;;;
2024;1183TP;1;96800;;;;;;;;;
2024;1187ZT;1;220300;;;;;;;;;
2024;1187ZV;1;196000;;;;;;;;;
2024;1188VJ;1;858100;;;;;;;;;
2024;1188XJ;1;279700;;;;;;;;;
2024;1191KK;1;1632880;;;;;;;;;
2024;1191KM;1;273500;;;;;;;;;
2024;1191KN;1;195000;;;;;;;;;
2024;1191LG;1;226300;Jc De Dood;Middenweg 7;Ouderkerk aan de Amstel;34331795;020 496 1869;;;;
2024;1213RM;2;874000;;;;;;;;;
2024;1213TR;1;738100;Stal Prinsenburg Bv;Utrechtseweg 269;Hilversum;66596602;035 577 2455;;;;
2024;1218XX;1;153800;;;;;;;;;
2024;1222ZZ;1;369000;;;;;;;;;
2024;1223LX;1;8800;;;;;;;;;
2024;1231KR;1;1127400;;;;;;;;;
2024;1231KZ;1;792400;;;;;;;;;
2024;1251CJ;1;738000;De Larense Manege;Rijksweg-West 37;;;035-5314086;;;;
2024;1261TJ;1;30000;Stal Rieder;Kerkpad 12;Blaricum;66309581;06 22400191;;;;
2024;1261TP;1;37500;;;;;;;;;
2024;1309BB;1;679700;Hippisch Centrum Perier;Botterweg 2 4;;;613448809;;;;
2024;1311PA;1;732100;;;;;;;;;
2024;1333ZR;1;621500;;;;;;;;;
2024;1338GA;1;1148700;;;;;;;;;
2024;1358BP;1;245600;;;;;;;;;
2024;1381GZ;1;60070;Stoeterij Fra Skoti;Horn 25;Weesp;32147460;06 55892336;;;;
2024;1381HH;1;562500;;;;;;;;;
2024;1391GT;1;1027600;Stal Willig;Gein-Zuid 16;Abcoude;51289776;06 51249789;;;;
2024;1391HJ;1;508900;Jha Van Blokland;Voetangelweg 9;Abcoude;30091941;;;;;
2024;1391HM;1;131200;;;;;;;;;
2024;1391HN;1;60160;;;;;;;;;
2024;1391HW;1;5000;;;;;;;;;
2024;1391JH;1;134000;;;;;;;;;
2024;1391KP;1;321900;;;;;;;;;
2024;1393PJ;1;630100;Veldhuisen Stables Nigtevecht;Klompweg 30;Nigtevecht;66893933;06 27338789;;;;
2024;1394AB;2;1588500;Pensionstal De Bergen;Meerlaan 23;Nederhorst den Berg;32081621;0294 257 514;;;;
2024;1398PC;1;9000;;;;;;;;;
2024;1398PE;1;119600;Muiderbuiten Bv 2;Noordpolderweg 2;Muiden;67107524;06 53790864;;;;
2024;1399EP;1;1419500;Any Dale Hippique;Googweg 9 A;;;651807539;;;;
2024;1411AX;1;52200;;;;;;;;;
2024;1423ST;1;51400;;;;;;;;;
2024;1426RW;1;248600;Amstelhoeve Recreatie;Ruigekade 24;de Hoef;30161046;06 31955436;;;;
2024;1431BM;1;49920;;;;;;;;;
2024;1432BJ;2;551900;;;;;;;;;
2024;1432BK;1;950400;;;;;;;;;
2024;1432BL;3;890600;;;;;;;;;
2024;1432CB;3;5653200;;;;;;;;;
2024;1432CD;1;639000;;;;;;;;;
2024;1432CP;1;197500;Handels En Pensionstal Lijnden;Aalsmeerderweg 317;Aalsmeer;34074420;06 51177606;;;;
2024;1435EK;1;297300;;;;;;;;;
2024;1435GE;1;54100;;;;;;;;;
2024;1446WJ;1;33000;;;;;;;;;
2024;1447AB;1;809300;;;;;;;;;
2024;1456NG;1;1363300;Fokkerij Handels En Afr Stal Marijnissen;Zuiderweg 60 B;Wijdewormer;35021247;06 51915201;;;;
2024;1456NH;2;821140;Jaap Zandvliet;Zuiderweg 63;Wijdewormer;34234993;0299 471 445;;;;
2024;1456NK;1;817300;Stal 104 Bv;Noorderweg 104;Wijdewormer;34111438;020 689 8970;;;;
2024;1456NM;1;1113900;Weel Stables;Noorderweg 133;Wijdewormer;75475057;06 31927124;;;;
2024;1458PP;1;199000;;;;;;;;;
2024;1461BN;1;749580;Stichting Ponyclub Zuidoostbeemster;Zuiderpad 6;;;610065152;;;;
2024;1461DB;1;10000;;;;;;;;;
2024;1461DR;3;127800;;;;;;;;;
2024;1461DS;1;190700;Jacatra Bv;Oostdijk 27;Zuidoostbeemster;36036266;0299 439 493;;;;
2024;1461GB;1;544000;;;;;;;;;
2024;1461HT;1;34320;;;;;;;;;
2024;1461LC;1;198000;;;;;;;;;
2024;1462HE;1;96000;;;;;;;;;
2024;1462JR;1;190000;;;;;;;;;
2024;1462LJ;1;635300;;;;;;;;;
2024;1462LK;1;342000;;;;;;;;;
2024;1462MG;1;442000;Maatschap J Worp En N Worp Spaans;Rijperweg 119;Middenbeemster;37161383;0299 683 466;;;;
2024;1463HA;3;765620;Stal Hertenhof Noordbeemster Bv;Middenweg 10;Noordbeemster;37088369;0299 690 855;;;;
2024;1463PG;1;997860;Stal Beemster Landgoed Vredeveld;Mijzerweg 5;Noordbeemster;36053281;0299 690 271;;;;
2024;1464GA;2;643600;Benz Stables;Zuiderweg 11;Westbeemster;54676010;06 21428829;;;;
2024;1464NA;1;39000;Stal Ingrid Vd Weiden;Wormerweg 10;Westbeemster;67729703;0299 397 070;;;;
2024;1464NK;1;136000;;;;;;;;;
2024;1471CB;1;1581100;Kl Stables;Kwadijk 24 a;Kwadijk;60951524;06 30316202;;;;
2024;1471CH;1;733800;;;;;;;;;
2024;1472BD;1;145000;;;;;;;;;
2024;1473PB;1;109620;;;;;;;;;
2024;1473PP;1;18000;Yaccaranda Arabians;IJsselmeerdijk 18 a;Warder;36033649;;;;;
2024;1475JJ;1;49220;Vof Ponyclub Sasja En Jd Ranch;Beets 132;Beets;37085601;06 51143986;;;;
2024;1481AN;1;145500;;;;;;;;;
2024;1488AB;1;80100;Fc Jongejans;Kogerpolder 16;Starnmeer;37149306;;;;;
2024;1488AC;1;584980;Trainingsstal Starnmeer;Damkensvoetpad 4;Starnmeer;35030673;;;;;
2024;1488AG;1;765500;;;;;;;;;
2024;1488AK;1;216980;Jongens Hands On Projects;Middelweg 1;Starnmeer;77258053;;;;;
2024;1511AP;1;1182000;;;;;;;;;
2024;1511GK;1;284080;;;;;;;;;
2024;1531KE;1;468500;;;;;;;;;
2024;1546LM;1;673700;;;;;;;;;
2024;1551PG;1;180000;;;;;;;;;
2024;1566AK;1;19280;;;;;;;;;
2024;1566AP;1;157700;;;;;;;;;
2024;1566AZ;1;1072300;Fokkerij Pensionstal Pegasus;Akere 8;Assendelft;77251660;075 687 3721;;;;
2024;1566NC;1;14000;;;;;;;;;
2024;1566PH;1;123760;Handels En Pensionstal Knap Bv;Veenpolderdijk 5 b;Assendelft;34174970;;;;;
2024;1566PJ;1;23100;;;;;;;;;
2024;1566PL;1;139000;Stoeterij Pensionstal Wilmartho;Vaartdijk 4 AB;Assendelft;35020852;075 687 4596;;;;
2024;1566PN;1;311200;Rm Stables;Vaartdijk 27 C;Assendelft;59127945;;;;;
2024;1602DR;1;641400;;;;;;;;;
2024;1606AB;1;126340;;;;;;;;;
2024;1608HH;1;793700;Firma Stoeterij Het Centrum;Blokdijk 9 C;Wijdenes;36013638;06 22443441;;;;
2024;1608MA;1;16000;;;;;;;;;
2024;1611BT;1;332000;;;;;;;;;
2024;1613PG;1;577920;Droomhoeve Bv;Geerling 14;Grootebroek;78765439;06 12214100;;;;
2024;1614LH;1;23000;;;;;;;;;
2024;1619JE;2;616800;Schoon Veehandel;Dijkweg 276;Andijk;36043576;06 51340773;;;;
2024;1619PR;2;275500;Anne Marie Groenveld Holding Bv;Vleetweg 28;Andijk;72209186;06 28855237;;;;
2024;1645VK;1;181480;;;;;;;;;
2024;1647AD;1;87800;;;;;;;;;
2024;1647CB;1;326380;Stal Liza;Slagterslaan 32;;;653716228;;;;
2024;1647MD;1;180000;;;;;;;;;
2024;1647MR;1;582580;;;;;;;;;
2024;1652PD;1;95200;Jan Wijnker;Noordermeer 13;Zuidermeer;62579878;;;;;
2024;1654JN;1;105000;;;;;;;;;
2024;1661BP;1;9980;;;;;;;;;
2024;1676EL;1;267300;M en N Horses;Bennemeersweg 23;;;075-6843589;;;;
2024;1678HG;2;384100;;;;;;;;;
2024;1684NH;1;161220;Oliver Stables;Zwaagdijk 265;;;610438739;;;;
2024;1693HL;1;101120;Leestensch Hof Vof;De Pijp 7;Wervershoof;8121942;0228 586 283;;;;
2024;1695CG;1;843300;Manege De Eenhoorn;Koewijzend 32;;;0229-275700;;;;
2024;1697KH;1;125940;;;;;;;;;
2024;1702PD;1;176140;Cv Stoeterij Haalstra;Jan Glijnisweg 52 B;Heerhugowaard;37114742;06 52687930;;;;
2024;1703DG;1;40140;;;;;;;;;
2024;1703RV;1;530120;Manege De Steenen Kamer;Rustenburgerweg 211 A;;;072-5745054;;;;
2024;1703RZ;2;916400;;;;;;;;;
2024;1704BJ;1;135000;;;;;;;;;
2024;1704DW;1;263000;;;;;;;;;
2024;1704NA;1;97300;Stoeterij Baccarav;A.C. de Graafweg 6;Heerhugowaard;37135733;06 41487307;;;;
2024;1704PE;1;166926;;;;;;;;;
2024;1713GG;1;513420;Dwh Dutch Warmblood Horses;Hofland 2 A;Obdam;34256736;06 28413723;;;;
2024;1715GH;1;432660;Maatschap K Slagter A Slagter Leeuw;Spanbroekerweg 1;Spanbroek;37149959;0226 351 780;;;;
2024;1718MP;1;384220;Talentenhoeve Stal Hoogwoud;Koningspade 30;;;0226-359736;;;;
2024;1724PT;1;885500;Vee En Paardenhouderij Beukers Bv;Wagenweg 12;Oudkarspel;37066401;0226 393 974;;;;
2024;1733GJ;1;228830;;;;;;;;;
2024;1733JC;1;287500;;;;;;;;;
2024;1734JJ;1;364500;;;;;;;;;
2024;1734MH;1;141280;;;;;;;;;
2024;1735ES;1;133000;;;;;;;;;
2024;1735EV;1;78000;;;;;;;;;
2024;1735GG;1;256000;;;;;;;;;
2024;1735JB;1;147000;;;;;;;;;
2024;1738DL;1;952840;;;;;;;;;
2024;1738DT;1;10322414;;;;;;;;;
2024;1742NW;1;14280;;;;;;;;;
2024;1744GE;1;188200;;;;;;;;;
2024;1744GK;1;79600;Jjd Blaauboer;Stroet 49;Sint Maarten;37161027;0224 551 382;;;;
2024;1749AZ;1;216000;Broersen Stables;Diepsmeerweg 39;Warmenhuizen;58490140;06 43573929;;;;
2024;1749DK;1;287000;;;;;;;;;
2024;1751DD;1;474220;;;;;;;;;
2024;1753BJ;1;96220;;;;;;;;;
2024;1755;1;24520;;;;;;;;;
2024;1759LD;1;1067900;Manege Noot;Zwarteweg 4;;;0223-641287;;;;
2024;1761JJ;1;15260;;;;;;;;;
2024;1764AV;1;3552000;;;;;;;;;
2024;1767EJ;1;248000;;;;;;;;;
2024;1768BT;1;112760;;;;;;;;;
2024;1771AD;1;126900;;;;;;;;;
2024;1775PJ;1;498500;;;;;;;;;
2024;1789AC;1;765800;;;;;;;;;
2024;1789AJ;1;100000;;;;;;;;;
2024;1792CH;1;130606;;;;;;;;;
2024;1797SB;1;22000;;;;;;;;;
2024;1812RB;1;600780;;;;;;;;;
2024;1815VX;1;50000;;;;;;;;;
2024;1824EX;1;96200;Vonk MBO Alkmaar;Drechterwaard 10;;;31725610934;;;;
2024;1840;1;341400;;;;;;;;;
2024;1842EH;1;68000;;;;;;;;;
2024;1846LE;1;30000;;;;;;;;;
2024;1847LM;1;273020;Stoeterij Fleurstables;Laanweg 3;Zuidschermer;60666447;06 54971565;;;;
2024;1851BA;1;10015;;;;;;;;;
2024;1851LR;1;123300;;;;;;;;;
2024;1851PM;1;40000;;;;;;;;;
2024;1861KR;1;30100;;;;;;;;;
2024;1861PH;1;15000;Maatschap Veldt 2;Groeneweg 2;Bergen (NH);37153841;072 589 7363;;;;
2024;1862PV;1;147300;;;;;;;;;
2024;1871AH;1;1936800;;;;;;;;;
2024;1902RZ;1;475900;;;;;;;;;
2024;1911LZ;1;43660;;;;;;;;;
2024;1911NK;1;450000;;;;;;;;;
2024;1911NL;1;330000;;;;;;;;;
2024;1921AV;1;7000;;;;;;;;;
2024;1934PC;1;974800;Manege Groot;Herenweg 154;;;072-5061907;;;;
2024;1934PM;2;414000;Stal Valkering;Hoeverweg 2 A;Egmond aan den Hoef;61943746;072 506 4371;;;;
2024;1934PN;1;51400;;;;;;;;;
2024;1935BR;1;278580;;;;;;;;;
2024;1935EZ;1;807280;Manege de Duinrand;Duinweg 1 B;;;31621870808;;;;
2024;1942LD;1;76000;;;;;;;;;
2024;1944NZ;1;178000;;;;;;;;;
2024;1944PA;1;448300;;;;;;;;;
2024;1945TT;1;177260;;;;;;;;;
2024;1964KJ;1;760400;;;;;;;;;
2024;1968LP;1;113000;Vof Stal De Ruyter;Noordermaatweg 8;Heemskerk;56663420;0251 250643;;;;
2024;1969KP;1;37820;;;;;;;;;
2024;1969ME;1;69000;;;;;;;;;
2024;1969MT;1;81000;;;;;;;;;
2024;1981LE;1;806200;Manege VarioHippiQue;Amsterdamseweg 30;;;641761388;;;;
2024;1981LM;1;145000;;;;;;;;;
2024;1991JB;1;49000;;;;;;;;;
2024;2013AS;1;208160;Stal Vosse Vof;Kinderhuissingel 2 D;Haarlem;34014378;023 531 2876;;;;
2024;2026BJ;1;171600;;;;;;;;;
2024;2026VL;1;93000;;;;;;;;;
2024;2031BL;1;890600;Green Sporthorses Bv;A. Hofmanweg 40;Haarlem;76523713;023-5515905;;;;
2024;2033AC;1;528000;;;;;;;;;
2024;2041KM;1;30000;;;;;;;;;
2024;2041XA;1;635300;;;;;;;;;
2024;2064WJ;1;109400;;;;;;;;;
2024;2071AN;1;74000;;;;;;;;;
2024;2071LG;2;1296000;;;;;;;;;
2024;2105MB;1;37600;;;;;;;;;
2024;2105MG;1;9020;;;;;;;;;
2024;2114BC;1;1235800;Stal S Gravenweg;Vogelenzangseweg 164;Vogelenzang;69644616;023 584 5111;;;;
2024;2116GA;1;1063900;Stal De Naaldenhof BV;Zuidlaan 51;;;023-5243959;;;;
2024;2131LR;1;170000;;;;;;;;;
2024;2131LV;1;295000;Stal Starro;IJweg 951;Hoofddorp;34226196;06 54382179;;;;
2024;2131MT;1;131500;;;;;;;;;
2024;2136LJ;1;226000;;;;;;;;;
2024;2136LK;1;438500;;;;;;;;;
2024;2136LR;1;541800;;;;;;;;;
2024;2141BG;1;372700;;;;;;;;;
2024;2141BH;1;307000;;;;;;;;;
2024;2141BJ;2;340200;;;;;;;;;
2024;2141BR;2;368980;;;;;;;;;
2024;2141BS;3;850640;;;;;;;;;
2024;2141EV;1;226600;;;;;;;;;
2024;2142ES;1;318800;Stal Cruquius;Cruquiusdijk 68 B;Cruquius;34185148;023 558 1288;;;;
2024;2143CJ;1;631060;;;;;;;;;
2024;2144KV;1;1239600;Stal Jasper;Hillegommerdijk 417;Hoofddorp;;0252 524 898;;;;
2024;2152BL;1;345300;;;;;;;;;
2024;2152NA;1;1360520;Meers Paarden Centrum;Ijweg 1273;Nieuw-Vennep;;0252 234 325;;;;
2024;2153KC;1;189100;;;;;;;;;
2024;2153KD;1;101800;Western Wranglers;Rijnlanderweg 1337;Nieuw-Vennep;70228108;0252 676 211;;;;
2024;2153KE;1;1767940;Nijssen Fourages Bv;Rijnlanderweg 1427;Nieuw-Vennep;;0252 674 041;;;;
2024;2153KG;1;129200;;;;;;;;;
2024;2153KH;1;177700;;;;;;;;;
2024;2153LN;1;130000;;;;;;;;;
2024;2153MD;1;817000;;;;;;;;;
2024;2156MX;1;30100;;;;;;;;;
2024;2157PB;1;141000;;;;;;;;;
2024;2160;1;342800;;;;;;;;;
2024;2161AM;1;98900;;;;;;;;;
2024;2161KE;1;146600;;;;;;;;;
2024;2162KL;1;464800;;;;;;;;;
2024;2165AR;1;1304000;;;;;;;;;
2024;2171AL;1;33500;;;;;;;;;
2024;2171BB;1;1055900;;;;;;;;;
2024;2181HB;1;112800;Manege Hillegom;Amperestraat 8 D D;;;0252-520373;;;;
2024;2200;1;586400;;;;;;;;;
2024;2201CZ;1;78700;;;;;;;;;
2024;2201EZ;1;598780;;;;;;;;;
2024;2201ZG;1;103100;;;;;;;;;
2024;2202BZ;1;68600;;;;;;;;;
2024;2202NG;1;270000;;;;;;;;;
2024;2204AA;1;93700;;;;;;;;;
2024;2204AP;1;589040;Stal Van Nobelen Bv;Kraaierslaan 2;Noordwijk;28073576;0252 377 452;;;;
2024;2204AV;1;155100;;;;;;;;;
2024;2211XM;1;820500;No Limits Noordwijk;Schulpweg 129;;;088- 02 24 300;;;;
2024;2221BL;1;666200;Manege Jonker;Noordduinseweg 7 9;;;071-4024743;;;;
2024;2223LA;2;757200;;;;;;;;;
2024;2223LC;1;1099900;;;;;;;;;
2024;2231NR;1;48480;;;;;;;;;
2024;2240;1;949820;;;;;;;;;
2024;2241BG;3;1162300;Stoeterij Van Alle Winden Bv;Oostdorperweg 214;Wassenaar;74032283;;;;;
2024;2242;1;487160;;;;;;;;;
2024;2242AA;1;621300;;;;;;;;;
2024;2244BK;1;284200;;;;;;;;;
2024;2244BN;1;1074720;;;;;;;;;
2024;2245AG;1;167000;;;;;;;;;
2024;2245BG;1;40400;;;;;;;;;
2024;2252AH;1;274000;;;;;;;;;
2024;2253JA;1;428100;;;;;;;;;
2024;2253NB;1;258600;;;;;;;;;
2024;2254AL;1;151800;De Halve Heerlijkheid;Papelaan-West 232;Voorschoten;66344859;06 30462194;;;;
2024;2260;1;1618600;;;;;;;;;
2024;2264EG;1;65100;;;;;;;;;
2024;2264TK;1;526000;;;;;;;;;
2024;2265CL;1;284900;Ajwm Lelieveld;Veursestraatweg 288;Leidschendam;51695499;;;;;
2024;2266GC;1;272400;Raafael;Stompwijkseweg 11 A;Leidschendam;58310037;;;;;
2024;2266GG;1;116150;A Breedijk;Stompwijkseweg 48;Leidschendam;76818098;070 320 0323;;;;
2024;2266GL;1;48500;;;;;;;;;
2024;2266GM;2;596360;;;;;;;;;
2024;2266HJ;1;61040;;;;;;;;;
2024;2266HW;1;1032000;De Meerhoeve;Meer- en Geerweg 3 A;Leidschendam;71135685;06 55165220;;;;
2024;2286AD;1;978200;;;;;;;;;
2024;2291HM;1;258200;;;;;;;;;
2024;2300;1;580100;;;;;;;;;
2024;2310;1;713730;;;;;;;;;
2024;2317RH;1;214000;;;;;;;;;
2024;2320;1;295800;;;;;;;;;
2024;2323LC;1;325400;;;;;;;;;
2024;2323LG;1;120000;Whl Van Der Post;Vlietweg 82;Leiden;52277089;06 21553663;;;;
2024;2328;1;22200;;;;;;;;;
2024;2330;1;485800;;;;;;;;;
2024;2333AL;1;253200;Manege Moedig Voorwaarts;Wassenaarseweg 525;;;071-5155234;;;;
2024;2342AK;1;198490;;;;;;;;;
2024;2353BZ;1;622000;Ruitervereniging Liethorp;Bloemerd 5;;;071-5411078;;;;
2024;2361GC;1;168800;;;;;;;;;
2024;2370;1;78300;;;;;;;;;
2024;2374BW;2;790800;Stal Zwetsloot;Achterwetering 8;Oud Ade;52234134;06 22405627;;;;
2024;2375NA;1;874120;Stal De Ripse Ruiters;Ripselaan 6;;;071-5012009;;;;
2024;2376AX;1;660800;Time Stables;Achterweg 33;;;071-3314241;;;;
2024;2381;1;84400;;;;;;;;;
2024;2381EM;1;187900;;;;;;;;;
2024;2381EW;1;33988;Vleesveehouderij Spronk;Laan van Oud Raadwijk 6;Zoeterwoude;27354548;06 43813773;;;;
2024;2381LG;1;129000;;;;;;;;;
2024;2382;1;503200;;;;;;;;;
2024;2382GZ;1;301000;Stal De Nieuwe Uithof;Molenpad 7 A;Zoeterwoude;67501273;06 22913218;;;;
2024;2390;1;1708080;;;;;;;;;
2024;2391AG;1;360460;Studio Citta;Voorweg 86;Hazerswoude-Dorp;28092723;;;;;
2024;2391JE;1;493200;;;;;;;;;
2024;2391MS;1;2270000;Fa Kaptein;Burmadeweg 12;Hazerswoude-Dorp;28025353;071 341 3586;;;;
2024;2391NS;1;396000;;;;;;;;;
2024;2394AD;2;1343000;Manege Xenophon;Rijndijk 79;Hazerswoude-Rijndijk;28042721;06 22888138;;;;
2024;2401LP;1;256000;Lone Star Western Stable;Gnephoek 42;Alphen aan den Rijn;28089985;06 41918285;;;;
2024;2401LT;1;150000;;;;;;;;;
2024;2402NH;1;70500;;;;;;;;;
2024;2403NA;1;685000;;;;;;;;;
2024;2407AB;1;115815;Vof Captein;J.C. Hoogendoornlaan 37 A;Alphen aan den Rijn;27349027;06 12830254;;;;
2024;2407BD;1;16440;;;;;;;;;
2024;2411HZ;1;330000;;;;;;;;;
2024;2411RD;1;583800;Hippisch Centrum Bodegraven;Noordzijde 96;;;0172-616734;;;;
2024;2411RE;1;106000;Stal De Olijftak;Noordzijde 111;Bodegraven;28093980;06 53896632;;;;
2024;2411RG;1;117120;;;;;;;;;
2024;2411RT;2;544500;Lj Hofland Beheer Bv;Zuidzijde 63;Bodegraven;28110861;0172 650107;;;;
2024;2411RX;1;26200;;;;;;;;;
2024;2415BG;1;707400;Dirk Jan De Wit;De Bree 22;Nieuwerbrug aan den Rijn;70685703;0348 688 530;;;;
2024;2421KZ;1;161200;Stal Oosterman;Electronweg 1;Nieuwkoop;28085971;0172 574 584;;;;
2024;2421XW;1;440300;;;;;;;;;
2024;2435NC;1;74800;;;;;;;;;
2024;2435ND;1;865500;;;;;;;;;
2024;2435NK;1;151900;;;;;;;;;
2024;2440;1;9000;;;;;;;;;
2024;2441GG;1;528000;;;;;;;;;
2024;2445AA;1;612680;;;;;;;;;
2024;2451BB;1;459100;Maatschap Gebr Kea;Willem van der Veldenweg 8;Leimuiden;27354120;0172 507 312;;;;
2024;2460;1;1052360;;;;;;;;;
2024;2461BZ;1;126900;;;;;;;;;
2024;2461CN;1;789600;;;;;;;;;
2024;2461EJ;1;62300;;;;;;;;;
2024;2461EW;1;108700;;;;;;;;;
2024;2471XE;1;165000;;;;;;;;;
2024;2481KE;2;581444;;;;;;;;;
2024;2481KT;1;70300;;;;;;;;;
2024;2481KX;1;316850;Gph Stud;Boddens Hosangweg 45;Woubrugge;28078537;06 54626622;;;;
2024;2481NA;1;483320;;;;;;;;;
2024;2481NB;1;664900;;;;;;;;;
2024;2493ZH;1;354008;;;;;;;;;
2024;2493ZJ;1;109600;;;;;;;;;
2024;2495AG;1;595000;;;;;;;;;
2024;2497NX;1;601400;;;;;;;;;
2024;2500;1;630200;;;;;;;;;
2024;2514BP;1;134800;;;;;;;;;
2024;2514CV;1;215300;;;;;;;;;
2024;2514HA;1;642600;;;;;;;;;
2024;2520;1;513160;;;;;;;;;
2024;2530;1;1021900;;;;;;;;;
2024;2533SX;1;122700;;;;;;;;;
2024;2544LG;1;1588700;Manege Berestein;Lozerlaan 10;Den Haag;;070 367 6090;;;;
2024;2544NS;1;897100;HC Westland;Poeldijkseweg 47;;;0174-298541;;;;
2024;2550;1;647100;;;;;;;;;
2024;2552RD;1;250800;;;;;;;;;
2024;2553EG;1;390200;;;;;;;;;
2024;2553EP;1;292480;;;;;;;;;
2024;2555VW;1;40100;;;;;;;;;
2024;2560;1;158400;;;;;;;;;
2024;2564CW;1;110500;;;;;;;;;
2024;2565AB;1;687600;Manege De Wildhoef;Daal en Bergselaan 23;;;070-3254330;;;;
2024;2580;1;137320;;;;;;;;;
2024;2585HD;1;8000;;;;;;;;;
2024;2597JH;1;279200;;;;;;;;;
2024;2623NB;1;13600;;;;;;;;;
2024;2629HD;2;805100;Stal Poot;Rotterdamseweg 191 A;Delft;54972914;015 256 1353;;;;
2024;2629JE;1;3472700;Manege De Prinsenstad Bv;Rijksstraatweg 145;Delft;27219574;010 470 4860;;;;
2024;2630;1;292400;;;;;;;;;
2024;2631NC;1;55380;;;;;;;;;
2024;2631PB;1;1812000;Hippisch Centrum Nootdorp;Oudeweg 62;Nootdorp;;;;;;
2024;2631PR;1;640000;;;;;;;;;
2024;2635AC;2;1639000;;;;;;;;;
2024;2636AK;1;137000;;;;;;;;;
2024;2636AW;1;194400;;;;;;;;;
2024;2636AX;1;119742;;;;;;;;;
2024;2636EC;2;832900;Stal Langelaan;Oostveenseweg 9;Schipluiden;66275385;06 26030747;;;;
2024;2636ED;1;36640;Olsthoorn Stables;Oostveenseweg 4;Schipluiden;27282076;06 19522791;;;;
2024;2636EG;1;94000;;;;;;;;;
2024;2636KE;1;490000;;;;;;;;;
2024;2641AZ;1;401800;;;;;;;;;
2024;2641NE;1;40500;;;;;;;;;
2024;2641NR;1;28305;;;;;;;;;
2024;2641NX;3;1234000;;;;;;;;;
2024;2641NZ;1;275200;;;;;;;;;
2024;2641PC;1;633600;;;;;;;;;
2024;2641PX;1;175700;;;;;;;;;
2024;2641TX;1;96300;;;;;;;;;
2024;2642KN;1;396400;;;;;;;;;
2024;2645BD;1;700200;Dressage Horses Vitale Prijs;Zuideindseweg 25;Delfgauw;60696702;0251 671 990;;;;
2024;2645BE;1;150500;;;;;;;;;
2024;2645BH;1;68000;;;;;;;;;
2024;2645CA;1;30500;;;;;;;;;
2024;2651KV;1;201000;Stoeterij Galloper;Kleihoogt 11 b;Berkel en Rodenrijs;27275688;010 511 2326;;;;
2024;2651LN;1;207800;;;;;;;;;
2024;2651LV;1;240500;;;;;;;;;
2024;2661CS;1;1654900;Manege Lansbergen ;Bergweg-Zuid 135;Bergschenhoek;;010 524 0504;;;;
2024;2661CT;1;158600;;;;;;;;;
2024;2661DD;1;47000;;;;;;;;;
2024;2661ET;1;281100;;;;;;;;;
2024;2661GT;1;1507800;Horsecenter Pirouette;Bosweg 10;Bergschenhoek;;010 521 9399;;;;
2024;2661JK;1;113000;;;;;;;;;
2024;2665HA;1;527200;;;;;;;;;
2024;2665HS;1;54000;;;;;;;;;
2024;2665KB;1;201000;;;;;;;;;
2024;2665KG;1;96900;;;;;;;;;
2024;2665KM;1;820600;Cooperatie Fair To Horses Ua;Merenweg 25;Bleiswijk;72371544;06 39712260;;;;
2024;2665KR;1;636100;;;;;;;;;
2024;2665LC;1;229000;;;;;;;;;
2024;2671MR;1;991600;;;;;;;;;
2024;2675EE;1;192600;;;;;;;;;
2024;2676BM;1;161700;;;;;;;;;
2024;2681GG;1;392300;;;;;;;;;
2024;2681LP;1;159500;Stal Zwartendijk Bv;Zwartendijk 39;Monster;27227428;0174 212 915;;;;
2024;2681MR;1;22000;;;;;;;;;
2024;2681PJ;1;720200;Manege El Sham;Madeweg 11 A;;;174245767;;;;
2024;2681RH;1;123400;Stal Vink Trotteur Francais;Boomaweg 20 A;Monster;58504834;;;;;
2024;2685BA;1;59700;;;;;;;;;
2024;2685SM;1;1005800;Manege de Arckelhoeve;Arckelweg 14;;;642982556;;;;
2024;2691KE;1;420900;Manege Noordland;Strandweg 1;;;0174-414639;;;;
2024;2691NE;1;186000;;;;;;;;;
2024;2716NH;1;789600;RC De Voorweg;Voorweg 135;;;079-3239500;;;;
2024;2716NK;1;229000;;;;;;;;;
2024;2716RB;1;586000;;;;;;;;;
2024;2717PA;1;323300;;;;;;;;;
2024;2719JW;1;559000;;;;;;;;;
2024;2719RB;1;246000;Stal Dijkshoorn;Vierde Stationsstraat 450;Zoetermeer;60344008;06 24603921;;;;
2024;2728PD;1;231000;;;;;;;;;
2024;2741GB;1;226000;;;;;;;;;
2024;2742AG;1;45800;;;;;;;;;
2024;2742JA;1;1319000;Manege Reigersburgh;Zevende Tochtweg 10;Waddinxveen;;0182 612 423;;;;
2024;2742KC;1;764340;Stal Hoogendoorn Bv;Plasweg 24 A;Waddinxveen;62268562;;;;;
2024;2742WJ;1;2244020;Stal Everse Bv;Noordeinde 142;Waddinxveen;24341584;;;;;
2024;2761DB;1;222400;;;;;;;;;
2024;2761GD;1;87700;;;;;;;;;
2024;2761JE;1;57660;;;;;;;;;
2024;2761JK;1;42400;;;;;;;;;
2024;2761KA;1;58600;;;;;;;;;
2024;2771AB;1;299500;;;;;;;;;
2024;2771RW;1;612040;Manege Bentwoud Bv;Sportlaan 3;Boskoop;29048759;0172 231 201;;;;
2024;2803HG;1;202600;;;;;;;;;
2024;2804AA;1;322640;;;;;;;;;
2024;2805HL;1;737900;;;;;;;;;
2024;2809NE;2;488280;;;;;;;;;
2024;2811NS;2;769600;Van Os Horses;Parallelweg 8;Reeuwijk;68483759;06 48403123;;;;
2024;2821LB;1;225000;;;;;;;;;
2024;2821XZ;1;231100;John Reijm;Bovenkerkseweg 112;Stolwijk;24476273;0182 341 436;;;;
2024;2825AH;1;40450;;;;;;;;;
2024;2831KA;1;1058840;;;;;;;;;
2024;2841BT;1;400500;;;;;;;;;
2024;2841LD;1;775200;;;;;;;;;
2024;2841LL;1;128900;;;;;;;;;
2024;2841LM;1;278000;;;;;;;;;
2024;2841LR;1;348320;;;;;;;;;
2024;2841LS;1;54400;;;;;;;;;
2024;2851AK;1;24000;;;;;;;;;
2024;2851EJ;1;504300;VOF Stal Tenwolde;Provincialeweg West 45;;;06-14920452;;;;
2024;2851EK;1;197000;;;;;;;;;
2024;2851LB;1;47560;;;;;;;;;
2024;2861BC;2;259200;;;;;;;;;
2024;2861ET;1;56100;;;;;;;;;
2024;2861GC;1;50400;;;;;;;;;
2024;2861LJ;1;24900;;;;;;;;;
2024;2861LM;1;303300;;;;;;;;;
2024;2871AW;1;970000;;;;;;;;;
2024;2907LE;1;2424700;Capelse manege VOF;Bermweg 153 ;Capelle aan den IJsel;;010 450 6350;;;;
2024;2909LK;1;16000;;;;;;;;;
2024;2910;1;561400;;;;;;;;;
2024;2911BB;1;73000;;;;;;;;;
2024;2911BE;1;715700;;;;;;;;;
2024;2911LB;1;1032200;;;;;;;;;
2024;2911LZ;1;208560;;;;;;;;;
2024;2912EE;1;2352000;Pensionstal Parkzicht / Stoeterij Parkzicht VOF;Hoofdweg Zuid 46;Nieuwerkerk aan den Ijsel;;0180 321 940;;;;
2024;2920;1;1834260;;;;;;;;;
2024;2921AS;1;593900;;;;;;;;;
2024;2931XD;1;136400;;;;;;;;;
2024;2935BG;1;19175;;;;;;;;;
2024;2941AR;1;8000;;;;;;;;;
2024;2941LD;1;1608100;;;;;;;;;
2024;2950;1;185750;;;;;;;;;
2024;2952AV;1;350300;;;;;;;;;
2024;2954LD;1;382700;Stoeterij Kortland;Kortland 42 c;Alblasserdam;77036913;06 24894527;;;;
2024;2960;1;3900920;;;;;;;;;
2024;2964LA;1;249000;;;;;;;;;
2024;2967GE;1;423000;Dressuurhof;Lekdijk 110;Langerak;24403772;0184 600 687;;;;
2024;2969LC;1;373800;;;;;;;;;
2024;2970;1;583800;;;;;;;;;
2024;2971AB;1;357300;;;;;;;;;
2024;2971VH;1;18955;;;;;;;;;
2024;2971XB;1;95000;;;;;;;;;
2024;2980;1;423200;;;;;;;;;
2024;2982CM;1;69800;Grevenbroek Sporthorses Bv;Kastanjelaan 26 b;Ridderkerk;24170335;;;;;
2024;2982TN;1;640000;;;;;;;;;
2024;2983GA;1;298000;Stoeterij De Woude Bv;Benedenrijweg 69 a;Ridderkerk;24297363;0180 487 170;;;;
2024;2986AA;1;96000;;;;;;;;;
2024;2986XA;1;78500;;;;;;;;;
2024;2988AD;1;242000;;;;;;;;;
2024;2988CC;1;129700;;;;;;;;;
2024;2989AL;1;53000;;;;;;;;;
2024;2990;1;4868200;;;;;;;;;
2024;2991LJ;1;530150;;;;;;;;;
2024;2992XE;1;751700;Manege Filip Dros;Kooiwalbos 1;;;010-4193188;;;;
2024;2993AT;1;52800;;;;;;;;;
2024;2995XC;1;211700;Plaizier Dressage Stables;Develweg 1;Heerjansdam;74728024;06 30401142;;;;
2024;2995XK;2;372800;Wl Plaizier Sportpaarden Bv;Lindeweg 14 C;Heerjansdam;23063725;06 55250875;;;;
2024;2995XL;1;257700;;;;;;;;;
2024;3011WD;1;184200;;;;;;;;;
2024;3041JE;1;1016100;Ruiter en ponyclub Schanswijk;Kanaalweg 82;;;010-4623504;;;;
2024;3045PX;1;316220;Ponyclub de Schieruiters;Volkelstraat 31;;;647433143;;;;
2024;3046NJ;2;172600;Lj Ursem Beheer Bv;Hofweg 63;Rotterdam;27313435;010 841 0466;;;;
2024;3046NR;1;411900;;;;;;;;;
2024;3046NW;1;113100;;;;;;;;;
2024;3053PM;1;286100;;;;;;;;;
2024;3056KA;1;8026628;;;;;;;;;
2024;3056LM;1;100860;;;;;;;;;
2024;3062CG;1;1369260;Rotterdamsche Manege 'De Jockeyclub';Kralingseweg 120;;;010-7200724;;;;
2024;3067GA;1;12400;;;;;;;;;
2024;3075ZJ;1;162800;;;;;;;;;
2024;3080;1;138620;;;;;;;;;
2024;3085BW;1;636900;;;;;;;;;
2024;3088NA;1;211000;;;;;;;;;
2024;3117ZA;1;15000;;;;;;;;;
2024;3124KA;2;1014100;;;;;;;;;
2024;3124KC;1;399700;Jg Van Der Vlugt Vof;Joppelaan 4;Schiedam;64359034;010 470 7747;;;;
2024;3124KD;1;739700;;;;;;;;;
2024;3128;1;26000;;;;;;;;;
2024;3132KB;1;27000;Stal Van Santvliet Bv;Zuidbuurt 36;Vlaardingen;64059480;;;;;
2024;3138HA;1;1643000;LR & PC Die Flardingha Ruiters;Broekpolderweg 251;;;010-4748425;;;;
2024;3141EM;1;1391600;Manege Middenhof CV;Zuidbuurt 8;Maassluis;;010 592 0455;;;;
2024;3141EN;1;471500;De Karperhoeve VOF;Zuidbuurt 5;;;010-5911454;;;;
2024;3151XV;1;887600;;;;;;;;;
2024;3155CC;1;457000;;;;;;;;;
2024;3161DS;1;86200;;;;;;;;;
2024;3161EP;1;110300;High Flown Stud;Nieuweweg 7;Rhoon;24397797;010 501 2346;;;;
2024;3161HM;1;589800;;;;;;;;;
2024;3161PH;1;42400;;;;;;;;;
2024;3181LK;1;261700;;;;;;;;;
2024;3192KA;1;965100;;;;;;;;;
2024;3195GR;1;217000;;;;;;;;;
2024;3208KJ;1;145200;Ems Trading Bv;Curieweg 11 E;Spijkenisse;77263979;;;;;
2024;3208LR;1;1169800;Manege De Ruiterhoek;Breekade 9;Spijkenisse;;0181 625 752;;;;
2024;3209BC;1;1186600;Stoeterij Willemshof;Toldijk 7 A;Hekelingen;53624637;0181 687 236;;;;
2024;3211LA;1;219800;Ge Timmer;Dankerseweg 10;Geervliet;24206066;0181 663 164;;;;
2024;3212LC;1;210400;;;;;;;;;
2024;3212LN;1;267600;;;;;;;;;
2024;3212LT;1;935000;;;;;;;;;
2024;3214LD;1;132500;;;;;;;;;
2024;3214VP;1;353700;;;;;;;;;
2024;3216LB;1;147900;;;;;;;;;
2024;3218LB;1;217500;;;;;;;;;
2024;3222EJ;1;343600;;;;;;;;;
2024;3222ER;1;622400;;;;;;;;;
2024;3223LA;1;584100;Manege Stal Flicka;Achterdijk 10;;;0181-314678;;;;
2024;3223LB;1;14000;Paulinehoeve;Betjesweg 1;Hellevoetsluis;67535089;06 34705028;;;;
2024;3223LM;1;134600;;;;;;;;;
2024;3227AG;1;176700;;;;;;;;;
2024;3227AH;1;143500;;;;;;;;;
2024;3227CC;1;103700;;;;;;;;;
2024;32289;1;232600;;;;;;;;;
2024;3231LG;1;74200;;;;;;;;;
2024;3232LC;1;127000;;;;;;;;;
2024;3233LA;2;344100;Aelbrechtshoeve;Aelbrechtsweg 10;Oostvoorne;65180496;06 54660267;;;;
2024;3234KR;1;1449800;;;;;;;;;
2024;3235KA;2;161900;;;;;;;;;
2024;3235KK;1;73400;;;;;;;;;
2024;3235KL;1;983900;;;;;;;;;
2024;3235KP;1;446500;Stoeterij Koningshoek;Natersedijk 1 a;Rockanje;24325816;06 13847992;;;;
2024;3235LA;1;70780;;;;;;;;;
2024;3235LP;1;259800;;;;;;;;;
2024;3235NG;1;59800;;;;;;;;;
2024;3235NJ;1;30000;;;;;;;;;
2024;3235NT;1;70500;;;;;;;;;
2024;3235NW;1;256600;;;;;;;;;
2024;3235NX;2;399600;;;;;;;;;
2024;3235XH;2;190700;;;;;;;;;
2024;3237KL;1;772200;;;;;;;;;
2024;3237LA;1;216200;;;;;;;;;
2024;3238LC;1;1645300;P De Ronde;Meeldijk 1;Zwartewaal;24198953;0181 665 077;;;;
2024;3238LH;2;298800;;;;;;;;;
2024;3238LS;1;357200;;;;;;;;;
2024;3241LL;1;10200;;;;;;;;;
2024;3243AC;1;639700;;;;;;;;;
2024;3243LE;1;905800;Manege Oostmoer;Oostmoersedijk 2 A;;;0187-611242;;;;
2024;3244AN;2;261900;Bouhuisen Sporthorses;Molendijk 116 a;Nieuwe-Tonge;74942840;06 10931939;;;;
2024;3245LR;1;440700;Maatschap Van Eck Bestman;Kraaijensteinsedijk 16;Sommelsdijk;24476636;06 29040167;;;;
2024;3245NC;1;136200;;;;;;;;;
2024;3247LD;1;95200;Awb Paardenfokkerij Bv;Oost Havendijk 24;Dirksland;52582949;;;;;
2024;3248BR;1;328600;;;;;;;;;
2024;3253KB;1;885400;;;;;;;;;
2024;3255LL;1;32400;Loonbedrijfveebedrijf Tieleman Bv;Noordlandsedijk 1 a;Oude-Tonge;54118913;0187 657053;;;;
2024;3255LM;1;600900;Anicare Vof;Oostendesedijk 9;Oude-Tonge;64090396;0187 619080;;;;
2024;3255LX;1;40000;;;;;;;;;
2024;3258LN;1;396600;;;;;;;;;
2024;3261LG;1;5000;;;;;;;;;
2024;3262BB;1;119100;;;;;;;;;
2024;3262BH;1;333500;Stal Kramer;Zinkweg 272;Oud-Beijerland;23083469;06 46264441;;;;
2024;3263AP;1;940700;Coomans Holding Bv;Binnenpad 257;Oud-Beijerland;59771674;;;;;
2024;3263RA;1;916600;;;;;;;;;
2024;3264LT;1;783800;;;;;;;;;
2024;3271LD;1;208400;;;;;;;;;
2024;3273AZ;1;283800;;;;;;;;;
2024;3273LM;2;891100;Manege De Flemming;Stougjesdijk 83 A;;;0186-571854;;;;
2024;3274KD;1;475500;;;;;;;;;
2024;3274NA;1;189600;;;;;;;;;
2024;3281KN;1;96820;;;;;;;;;
2024;3281KV;1;310400;;;;;;;;;
2024;3281LT;1;120800;;;;;;;;;
2024;3284KR;1;175100;Maatschap Van Hilten;Nieuwendijk 8;Zuid-Beijerland;73343455;;;;;
2024;3284LJ;1;505900;;;;;;;;;
2024;3284LR;1;956800;Manege de Mustang;Schoutsdijk 22;;;0186-661557;;;;
2024;3286LC;1;38100;;;;;;;;;
2024;3291CE;1;233300;;;;;;;;;
2024;3291LJ;1;511080;;;;;;;;;
2024;3291LM;1;220000;Pensionstal Overwater;Oudendijk 11;Strijen;60123362;;;;;
2024;3292LA;1;531900;;;;;;;;;
2024;3311JG;1;265600;;;;;;;;;
2024;3317JP;1;642600;;;;;;;;;
2024;3328AS;1;34000;;;;;;;;;
2024;3328LE;1;167520;;;;;;;;;
2024;3329KA;1;251100;;;;;;;;;
2024;3329KH;1;356600;;;;;;;;;
2024;3329KM;1;1200500;HC Dordrecht;Oude Veerweg 1 A;;;786181456;;;;
2024;3329KS;1;12000;Stal De Elzen;Van Elzelingenweg 17;Dordrecht;66107016;;;;;
2024;3329KT;1;791300;De Randhoeve;Wieldrechtse Zeedijk 4;Dordrecht;75044994;;;;;
2024;3329LA;1;893300;;;;;;;;;
2024;33334;1;70900;;;;;;;;;
2024;3334LB;1;148800;;;;;;;;;
2024;3335LD;1;288000;Van Gilst;Kijfhoek 35;Zwijndrecht;24453946;;;;;
2024;3335LJ;2;1670600;RSV De Hoge Devel;Munnikensteeg 15;;;078-6100813;;;;
2024;3343LE;1;65800;;;;;;;;;
2024;3355PM;1;598700;;;;;;;;;
2024;3363WB;1;235400;;;;;;;;;
2024;3364AK;1;894400;Stal Alblas;Parallelweg 19 D;;;184419733;;;;
2024;3364BC;1;2946120;Stoeterij Black Horses Bv;Kweldamweg 8;Sliedrecht;54105889;0184 208 520;;;;
2024;3366BE;1;92200;;;;;;;;;
2024;3372DV;1;1046600;JGD stables;Watertoren 29;;;06-23430432;;;;
2024;3373LA;1;572200;;;;;;;;;
2024;3381GC;2;426000;Stal Vonk;Binnendamseweg 18;Giessenburg;30274641;;;;;
2024;3381JR;1;348900;Hengstenhouderij Landzicht Bv;Neerpolderseweg 73;Giessenburg;11060036;;;;;
2024;3381JT;1;97800;;;;;;;;;
2024;3381KS;1;229600;;;;;;;;;
2024;3401NT;1;99300;Achtersloot Stables;Achtersloot 65;IJsselstein;30118859;;;;;
2024;3401VA;1;549900;Stal Van Vliet;Lage Dijk-Noord 28;IJsselstein;73587729;;;;;
2024;3402PH;1;157000;;;;;;;;;
2024;3405CJ;1;238400;;;;;;;;;
2024;3411NB;1;90000;Paardenrusthuis Jakari Vof;Tiendweg 12;Lopik;53817540;;;;;
2024;3417BN;1;353800;Stal Centaurus;Blindeweg 3;Montfoort;53386345;;;;;
2024;3417BR;1;452060;;;;;;;;;
2024;3417MC;1;89000;Swi Stylingbureau;Willeskop 77;Montfoort;30272422;;;;;
2024;3417ME;1;473800;;;;;;;;;
2024;3417XG;1;440400;;;;;;;;;
2024;3421VJ;1;167000;;;;;;;;;
2024;3425EN;1;385000;;;;;;;;;
2024;3425TG;1;694761;;;;;;;;;
2024;3444BC;1;545600;Manege Morgenstond;Geestdorp 10 A;;;0348-430661;;;;
2024;3449HJ;1;122500;;;;;;;;;
2024;3451GA;1;231200;;;;;;;;;
2024;3451HJ;1;814120;;;;;;;;;
2024;3454HX;2;1948000;;;;;;;;;
2024;3455RM;1;141500;;;;;;;;;
2024;3455RN;1;109020;;;;;;;;;
2024;3467PC;1;116000;;;;;;;;;
2024;3471GV;1;26300;;;;;;;;;
2024;3471HJ;1;43500;;;;;;;;;
2024;3481BC;1;74000;;;;;;;;;
2024;3481CT;1;1162500;;;;;;;;;
2024;3481GW;1;358000;A De Wit Paardenfokkerij;Dorpeldijk 6;Harmelen;58055819;;;;;
2024;3481LD;1;22000;Merel Massop Dressage;Reijerscop 9 B;Harmelen;70697779;;;;;
2024;3481LE;2;107500;Ponycentrum Van Eck;Reijerscop 18;Harmelen;30148682;;;;;
2024;3481LN;1;186600;;;;;;;;;
2024;3481LR;1;132300;Vof Nieuwpoort Bos;Breudijk 52;Harmelen;30284950;;;;;
2024;3566MH;1;180400;Manege 't Hoogt;Gageldijk 103 A;;;030-8790547;;;;
2024;3573PS;1;325700;;;;;;;;;
2024;3573PT;1;438400;;;;;;;;;
2024;3581BG;1;743400;;;;;;;;;
2024;3584AB;1;52000;;;;;;;;;
2024;3584CL;1;1473800;;;;;;;;;
2024;3601XR;1;384500;;;;;;;;;
2024;3602AH;1;207700;;;;;;;;;
2024;3615AA;1;118000;Dierenarts Maarten Pieterse;Kooijdijk 21;Westbroek;57407835;;;;;
2024;3621LA;2;288800;Benz Fokkerij;Oud Aa 39 a;Breukelen;60164735;;;;;
2024;3621LE;1;812100;;;;;;;;;
2024;3632ER;1;432000;;;;;;;;;
2024;3632GA;1;67180;;;;;;;;;
2024;3633AK;1;278700;;;;;;;;;
2024;3640;1;208000;;;;;;;;;
2024;3641PH;1;17200;;;;;;;;;
2024;3641PR;1;767600;Manege Mariahoeve;Hoofdweg 85 C;;;0297-594466;;;;
2024;3641PX;1;195000;;;;;;;;;
2024;3641RA;1;235000;Mpm Straathof;Tienboerenweg 22;Mijdrecht;30175635;;;;;
2024;3641RK;1;90600;;;;;;;;;
2024;3645CL;1;141700;;;;;;;;;
2024;3646AL;1;170900;Paardenhouderij Van Der Eijk Maatschap;Proostdijerdwarsweg 3;Waverveen;30269728;;;;;
2024;3646AS;1;109700;;;;;;;;;
2024;3646AT;1;668800;Panta Rhei;1e Velddwarsweg 3;Waverveen;63301245;06 53225656;;;;
2024;3646AV;1;471920;;;;;;;;;
2024;3648NM;1;101800;Van Zijl Vof;Bovendijk 36;Wilnis;54303028;;;;;
2024;3707HN;1;449000;Manege Zeisterbos;Krakelingweg 21 A;;;030-6924356;;;;
2024;3707NZ;1;471500;;;;;;;;;
2024;3709JN;1;365400;Vof T Hoeveke;Bunsinglaan 17;Zeist;58876723;;;;;
2024;3722GX;1;379900;;;;;;;;;
2024;3723BB;1;547000;;;;;;;;;
2024;3723MC;1;879600;;;;;;;;;
2024;3731GB;1;229000;Stal Griftenstein;Utrechtseweg 371;De Bilt;30114240;;;;;
2024;3732HT;1;44000;;;;;;;;;
2024;3732HV;1;72000;;;;;;;;;
2024;3732HX;1;83300;Agm Huurdeman;Universiteitsweg 10;De Bilt;59166363;;;;;
2024;3734BP;1;326800;Prinses Maxima Manege;Dolderseweg 170;;;030-2291665;;;;
2024;3737AD;1;31600;T Spelt;Groenekanseweg 151;Groenekan;30271518;;;;;
2024;3737AJ;1;165100;;;;;;;;;
2024;3737BL;1;817000;Stal Van Brenk Bv;Voordorpsedijk 29;Groenekan;74470132;030 272 3755;;;;
2024;3737MD;1;712200;;;;;;;;;
2024;3737MN;1;921300;;;;;;;;;
2024;3737MR;1;472800;;;;;;;;;
2024;3737RH;1;77000;;;;;;;;;
2024;3738MA;1;277500;;;;;;;;;
2024;3738XL;1;208000;;;;;;;;;
2024;3743HJ;1;553200;;;;;;;;;
2024;3744BW;1;325000;;;;;;;;;
2024;3744ML;1;166280;;;;;;;;;
2024;3751LC;1;36650;Hoeve De Neerduist;Zevenhuizerstraat 287;Bunschoten-Spakenburg;77866843;;;;;
2024;3751LD;1;1505900;Stal Groenendaal BV;Zevenhuizerstraat 154;;;033-4564429;;;;
2024;3751LE;1;28140;;;;;;;;;
2024;3752LK;1;236000;Pensionstal Weidezicht;Bisschopsweg 20;Bunschoten-Spakenburg;32091083;;;;;
2024;3754NC;1;48000;Maatschap M Huijgen En M Huijgen Beekhuis;Eemdijk 3;Eemdijk;32154287;;;;;
2024;3755CP;1;615400;;;;;;;;;
2024;3755DA;2;26110300;Pensionstal De Paardenstek;Wakkerendijk 31;;;035-5314656;;;;
2024;3755DC;1;140860;;;;;;;;;
2024;3755DH;1;117000;;;;;;;;;
2024;3755DL;1;83000;;;;;;;;;
2024;3755MR;1;1822000;;;;;;;;;
2024;3755MT;1;182850;Suus Kuyten Horses Bv;Heidelaan 4;Eemnes;16074526;;;;;
2024;3755MX;1;40000;;;;;;;;;
2024;3755NM;3;2540100;Vof Stal Paardenvreugd;Geerenweg 10;Eemnes;32164734;06 20482281;;;;
2024;3755TA;1;48000;;;;;;;;;
2024;3762LB;2;1442700;Training en Handelstal Johan Laseur B.V.;Jachthuislaan 57;;;088- 02 24 300;;;;
2024;3766AD;1;864000;Nieuw Eldorado;Bosstraat 81;;;035-6018803;;;;
2024;3766HZ;1;102000;;;;;;;;;
2024;3768HD;1;371000;;;;;;;;;
2024;3768HL;1;360000;Ga Pronk;Birkstraat 112;Soest;54102634;;;;;
2024;3768HP;1;529000;;;;;;;;;
2024;3768ML;1;129000;;;;;;;;;
2024;3768MP;1;329000;;;;;;;;;
2024;3771RN;1;550900;;;;;;;;;
2024;3771RR;1;42740;Caitewick Bv;Donkervoorterweg 21;Barneveld;8154317;;;;;
2024;3771SH;1;451000;Manege De Burght;Valkseweg 128;;;0342-413175;;;;
2024;3771SK;1;72000;;;;;;;;;
2024;3774BV;1;38200;Stal Lanterne;Kootwijkerbroekerweg 84;Kootwijkerbroek;75782065;;;;;
2024;3774JP;1;138100;;;;;;;;;
2024;3774PK;1;128300;;;;;;;;;
2024;3774TK;1;293900;Wise Investment Bv;Meentweg 4;Kootwijkerbroek;32067907;;;;;
2024;3774TN;1;402600;;;;;;;;;
2024;3775KM;1;8000;;;;;;;;;
2024;3775KV;1;53040;;;;;;;;;
2024;3776LR;1;327500;Borgers Huisman;Wolweg 58;Stroe;65198085;;;;;
2024;3776MG;1;205000;Ck Stables Bv;Stroeërweg 37;Stroe;8143474;;;;;
2024;3776PX;1;268100;;;;;;;;;
2024;3776PZ;1;154130;;;;;;;;;
2024;3781LT;1;143180;;;;;;;;;
2024;3781NN;2;1150400;Stal Jacobs;Hunnenweg 40 A;Voorthuizen;8195043;06 16134328;;;;
2024;3781PC;1;745500;;;;;;;;;
2024;3784VA;1;195000;;;;;;;;;
2024;3784WN;1;235100;;;;;;;;;
2024;3785KJ;1;158700;;;;;;;;;
2024;3785KN;1;191500;;;;;;;;;
2024;3791PL;1;185000;;;;;;;;;
2024;3791VJ;1;257900;;;;;;;;;
2024;3794MV;1;591700;;;;;;;;;
2024;3816BW;1;410700;;;;;;;;;
2024;3818LA;1;292500;;;;;;;;;
2024;3826NE;1;101900;;;;;;;;;
2024;3831JS;1;188800;Maatschap Van Eijden;Hagenouwselaan 3;Leusden;32163291;;;;;
2024;3833AA;1;1388100;Pensionstal Klein Heiligenberg Vof;Ursulineweg 1;Leusden;53657462;06 51921782;;;;
2024;3833LD;1;524000;;;;;;;;;
2024;3835PP;1;433200;;;;;;;;;
2024;3836PA;1;350500;Woobhouse Stables;Koedijkerweg 50;Stoutenburg Noord;32087776;;;;;
2024;3846AV;1;3363224;;;;;;;;;
2024;3849MR;1;272900;Veldstar Stables;Berkenboomsweg 10;Hierden;32149588;;;;;
2024;3849NN;1;232000;Gb Zuurveld;Lage Enkweg 25;Hierden;8144460;;;;;
2024;3852AM;1;437950;;;;;;;;;
2024;3852PB;1;152400;;;;;;;;;
2024;3852PL;2;654980;KNHS;De Beek 125;;;577408300;;;;
2024;3853LX;1;200150;;;;;;;;;
2024;3853NV;1;162900;;;;;;;;;
2024;3853PG;1;78520;Jw Ruiter;Oude Telgterweg 263;Ermelo;64624781;;;;;
2024;3861MS;1;166900;H Van Dasselaar 2;Keienweg 23 a;Nijkerk;68793979;;;;;
2024;3862MS;1;551800;;;;;;;;;
2024;3862NE;1;147000;;;;;;;;;
2024;3862NN;1;412300;Stal Ludmillas Hoeve;Slichtenhorsterweg 27;Nijkerk;60726636;06 10908058;;;;
2024;3862NP;1;48500;Ellieshoeve;Slichtenhorsterweg 63;Nijkerk;32161232;;;;;
2024;3862NR;1;309970;;;;;;;;;
2024;3862PD;3;734430;;;;;;;;;
2024;3862PX;1;401700;Stal Bus;Drostenweg 4;Nijkerk;67055222;;;;;
2024;3862PZ;1;1217620;Stal Van Laar;Voorthuizerweg 2;Nijkerk;32079020;06 29044423;;;;
2024;3862RN;2;312990;Ellens Horse Care;Bloemendaalseweg 15;Nijkerk;66246911;;;;;
2024;3862RV;1;125980;;;;;;;;;
2024;3862RW;1;61000;Stal De Driesprong;Nieuwe Voorthuizerweg 6;Nijkerk;8061728;;;;;
2024;3864DZ;1;194000;;;;;;;;;
2024;3864MG;1;262800;Handelsstal T Van Den Brink Bv;Schoolstraat 28;Nijkerkerveen;8058734;;;;;
2024;3881RE;1;73900;;;;;;;;;
2024;3881ST;1;447300;Bacon Bacon Stables Bv;Schoonhoverweg 1;Putten;8147308;0341 357 466;;;;
2024;3882LE;1;64050;;;;;;;;;
2024;3882LH;1;75200;;;;;;;;;
2024;3882RA;1;736300;Stoeterij Oldenaller;Waterweg 9;Putten;8098467;0341 354 990;;;;
2024;3882RH;1;249800;Is Sporthorses Bv;Vanenburgerallee 4 A;Putten;70321612;;;;;
2024;3882RK;1;343080;;;;;;;;;
2024;3882RP;1;59480;;;;;;;;;
2024;3886PN;1;149600;;;;;;;;;
2024;3888MN;1;75000;;;;;;;;;
2024;3888MR;1;240260;De Wildtshof;Staverhul 40;Uddel;30243942;;;;;
2024;3896LA;1;554300;;;;;;;;;
2024;3896LS;1;218960;;;;;;;;;
2024;3896LT;1;948800;;;;;;;;;
2024;3897LD;1;324800;;;;;;;;;
2024;3897LT;1;1346700;;;;;;;;;
2024;3897LV;1;149000;;;;;;;;;
2024;3898LA;1;501200;Pj Te Molder;Ossenkampweg 12;Zeewolde;53922271;036 522 1483;;;;
2024;3903LD;1;60000;H Henken;Middelbuurtseweg 58;Veenendaal;30271917;;;;;
2024;3911SB;1;423700;;;;;;;;;
2024;3911SE;1;89200;;;;;;;;;
2024;3911TL;1;769300;;;;;;;;;
2024;3921DP;1;20000;;;;;;;;;
2024;3925MG;1;33350;;;;;;;;;
2024;3925MP;1;235000;;;;;;;;;
2024;3925ND;1;72900;;;;;;;;;
2024;3927CC;1;54500;;;;;;;;;
2024;3927CR;1;68900;T Blauwe Kieltje;Groeperweg 4 b;Renswoude;70594856;;;;;
2024;3927EH;1;492600;;;;;;;;;
2024;3931MT;1;103600;Hc Van Der Wardt;Parallelweg 134;Woudenberg;70236542;;;;;
2024;3931MZ;1;33400;Beek Ranch;Voskuilerdijk 8;Woudenberg;76182509;;;;;
2024;3931ND;1;556400;Forest Mountain Ranch;Klein Moorst 1;Woudenberg;32103293;06 23680431;;;;
2024;3931PD;1;90600;Honselaar Horses Bv;Laagerfseweg 87;Woudenberg;31042402;;;;;
2024;3931PE;1;597000;;;;;;;;;
2024;3931PX;1;1840900;Manege Groenewoude;Ekris 38;;;033-2861456;;;;
2024;3941DA;1;236500;Manege Den Toom;Drift 3;Doorn;30014942;;;;;
2024;3941MD;1;60000;;;;;;;;;
2024;3941PT;1;1001400;Firma Maat;Molenweg 9;Doorn;33207363;0343 522 002;;;;
2024;3941SP;1;233000;;;;;;;;;
2024;3947BB;1;54700;;;;;;;;;
2024;3951KE;1;711900;;;;;;;;;
2024;3953ML;1;35100;Epolma;Griftdijk 2;Maarsbergen;30234971;;;;;
2024;3956KJ;1;417000;;;;;;;;;
2024;3956NJ;1;83100;;;;;;;;;
2024;3958MD;1;8000;G Brouwer 2;Ameronger Wetering 6;Amerongen;53632796;;;;;
2024;3959AR;1;92000;Stal De Lange Vos;Haarweg 22;Overberg;30267377;;;;;
2024;3959AT;1;102500;;;;;;;;;
2024;3959AW;1;267300;Autorijschool Dianne;Schoolweg 37;Overberg;54686350;;;;;
2024;3959BE;1;60000;;;;;;;;;
2024;3971KD;1;471800;;;;;;;;;
2024;3972JJ;1;230300;;;;;;;;;
2024;3972MA;1;453200;;;;;;;;;
2024;3972MD;1;123000;;;;;;;;;
2024;3981AN;1;195100;;;;;;;;;
2024;3981HX;1;196000;;;;;;;;;
2024;3985SL;1;103500;;;;;;;;;
2024;3991LN;2;22080;;;;;;;;;
2024;3992LN;1;30000;Stal T Hemeltje;Waijensedijk 23;Houten;30195880;;;;;
2024;3992LR;2;792000;;;;;;;;;
2024;3992LX;1;1362000;Manege En Hengstenhouderij Zilfia Bv;Fortweg 13;Houten;30053490;030 637 1325;;;;
2024;3998NH;1;352000;;;;;;;;;
2024;3998WJ;1;145300;Dah Stables;Neereind 17;Schalkwijk;70884978;;;;;
2024;3999NR;1;803500;;;;;;;;;
2024;3999NT;1;225000;Waalsehoeve;Waalseweg 40;Tull en 't Waal;30242178;;;;;
2024;4011KA;1;252600;Vink Horses;Hogestraat 29 A;Zoelen;60310413;;;;;
2024;4011LG;1;431000;;;;;;;;;
2024;4021HB;1;192500;;;;;;;;;
2024;4021HD;1;319000;Stal Petra Van Den Berg;Tielsestraat 66;Maurik;30239874;;;;;
2024;40229;1;992000;;;;;;;;;
2024;4023CG;1;328500;;;;;;;;;
2024;4032NV;3;250300;Walco Vof;Harensestraat 11;Ommeren;57518025;;;;;
2024;4032NZ;1;67400;;;;;;;;;
2024;4033AK;2;428100;;;;;;;;;
2024;4033CT;1;155000;Paardenfokkerijopfok De Beemd;Beemdsestraat 9;Lienden;72298804;;;;;
2024;4041VA;1;20400;;;;;;;;;
2024;40472;1;214500;;;;;;;;;
2024;40474;1;645900;;;;;;;;;
2024;40489;1;845100;;;;;;;;;
2024;4054NG;1;226900;;;;;;;;;
2024;40589;1;697400;;;;;;;;;
2024;40595;1;657000;;;;;;;;;
2024;40627;1;214000;;;;;;;;;
2024;40629;1;2938900;;;;;;;;;
2024;4064CJ;1;660300;;;;;;;;;
2024;40667;1;187600;;;;;;;;;
2024;40668;1;1021700;;;;;;;;;
2024;40670;1;676600;;;;;;;;;
2024;40699;1;1614300;;;;;;;;;
2024;40721;1;683600;;;;;;;;;
2024;40723;1;176800;;;;;;;;;
2024;40724;1;1860400;;;;;;;;;
2024;40764;1;316700;;;;;;;;;
2024;40789;1;205200;;;;;;;;;
2024;40822;1;1738600;;;;;;;;;
2024;40882;1;1979800;;;;;;;;;
2024;40883;1;832600;;;;;;;;;
2024;40885;1;2141800;;;;;;;;;
2024;4101BK;1;82000;;;;;;;;;
2024;4102NS;1;401500;;;;;;;;;
2024;4105LE;1;1163700;Gh De Leeuw;Prijsseweg 22;Culemborg;30269767;0345 535 700;;;;
2024;41066;1;736600;;;;;;;;;
2024;41068;1;656140;;;;;;;;;
2024;4107LJ;1;404400;De Raad Vof;Rietveldseweg 26 a;Culemborg;64319938;;;;;
2024;4115LN;1;22000;;;;;;;;;
2024;41169;1;39300;;;;;;;;;
2024;41179;1;858000;;;;;;;;;
2024;4117GV;1;650500;Manege Satana;Lutterveld 28;Erichem;72006080;06 53481010;;;;
2024;41189;1;521400;;;;;;;;;
2024;4119LZ;1;691200;;;;;;;;;
2024;41238;1;150500;;;;;;;;;
2024;4124AJ;1;668900;Bosgoed BV;Lange Dreef 21;;;653107007;;;;
2024;4128LM;1;619100;Stoeterij Van Der Vlist;Lakerveld 266;Lexmond;24324200;0182 384 433;;;;
2024;41334;1;3992160;;;;;;;;;
2024;4133LB;1;83500;;;;;;;;;
2024;41352;1;943800;;;;;;;;;
2024;41363;1;2479760;;;;;;;;;
2024;41366;1;92000;;;;;;;;;
2024;41372;1;317700;;;;;;;;;
2024;4145MP;1;244300;;;;;;;;;
2024;41462;1;186000;;;;;;;;;
2024;41468;1;1496400;;;;;;;;;
2024;41472;1;247900;;;;;;;;;
2024;4147EX;2;325000;;;;;;;;;
2024;41516;1;128000;;;;;;;;;
2024;4152GC;1;480900;De Kooihoeve Daj Storij;Tiendweg 9;Rhenoy;30271952;06 51948130;;;;
2024;41564;1;1887800;;;;;;;;;
2024;41569;1;89600;;;;;;;;;
2024;4157GR;1;143500;De Driesprong;Korte Veersteeg 16;Enspijk;30255038;;;;;
2024;4158LE;3;495778;;;;;;;;;
2024;4161AA;1;76400;Stal Borst Vof;Heidensweg 12;Heukelum;30252577;;;;;
2024;4171KD;1;72400;;;;;;;;;
2024;41748;1;564300;;;;;;;;;
2024;41749;1;994300;;;;;;;;;
2024;41751;1;830600;;;;;;;;;
2024;41812;1;448600;;;;;;;;;
2024;4182PC;1;527000;;;;;;;;;
2024;41836;1;849410;;;;;;;;;
2024;41844;1;248400;;;;;;;;;
2024;4205NG;1;475200;Valk Horses Bv;Vlietskade 60;Gorinchem;74996487;06 51400852;;;;
2024;4206BC;1;75800;;;;;;;;;
2024;4208BA;2;781000;;;;;;;;;
2024;4209AX;1;291900;Cw Visser Beheer Bv;Nolweg 33;Schelluinen;24159160;;;;;
2024;42113;1;363200;;;;;;;;;
2024;42117;1;162600;;;;;;;;;
2024;42119;1;698100;;;;;;;;;
2024;4212CZ;1;238000;H De Man;Spijkse Kweldijk 39;Spijk;11025948;;;;;
2024;4214KL;1;381400;;;;;;;;;
2024;4214KW;1;1192000;Opfokstal De Roosahoeve;Molenweg 3;Vuren;75831112;;;;;
2024;4214LD;1;275000;;;;;;;;;
2024;4223MB;1;357100;Pensionstal Den Hartog;Hoge Giessen 3 I;Hoornaar;11057349;;;;;
2024;4225NJ;1;924600;;;;;;;;;
2024;4233CG;1;707300;Manege De Schakel;Reigersdreef 3;Ameide;70769079;;;;;
2024;42369;1;825300;;;;;;;;;
2024;4241EB;1;284400;Mf Van Helden Marskamp;Rietveld 7;Arkel;68858981;;;;;
2024;4245TW;1;85000;Hoeve Versteeg;Middelkoop 90 A;Leerbroek;11050498;;;;;
2024;4247EV;1;636000;Stal Kampinga;Tiendweg 1;Kedichem;56943962;06 14520508;;;;
2024;42489;1;633100;;;;;;;;;
2024;4251NE;1;1633000;;;;;;;;;
2024;4251XX;1;349000;;;;;;;;;
2024;4254LD;1;133900;;;;;;;;;
2024;42551;1;1609900;;;;;;;;;
2024;42553;1;530200;;;;;;;;;
2024;42555;1;363200;;;;;;;;;
2024;42579;1;1866300;;;;;;;;;
2024;4261TD;1;62500;;;;;;;;;
2024;42697;1;716000;;;;;;;;;
2024;42781;1;1629500;;;;;;;;;
2024;42799;1;1552300;;;;;;;;;
2024;4285DP;1;221800;Worrell Stables Postweide Vof;Acacialaan 20;Woudrichem;18057287;;;;;
2024;42929;1;2032200;;;;;;;;;
2024;4315PH;1;559600;;;;;;;;;
2024;4315PK;1;158000;;;;;;;;;
2024;4321TE;1;489200;;;;;;;;;
2024;4323LP;1;371700;Vmf Stables Bv;Krijn Karelsweg 3 a;Ellemeet;20156919;;;;;
2024;4326SC;1;194100;;;;;;;;;
2024;4328NG;1;1018400;;;;;;;;;
2024;4332SM;1;400000;;;;;;;;;
2024;4333KN;1;25200;Sale Horses Nijpjes Bv;Noordweg 516;Middelburg;76560384;;;;;
2024;4333RJ;1;577500;;;;;;;;;
2024;4339PN;1;407300;;;;;;;;;
2024;4352SC;1;109400;;;;;;;;;
2024;4352SM;1;226800;;;;;;;;;
2024;4354KK;2;397100;Stoeterij Hoeve Het Tij;Lepelstraat 6;Vrouwenpolder;78238617;;;;;
2024;4354SE;1;49000;De Bokkesprong;Rijkebuurtweg 5;Vrouwenpolder;64010287;;;;;
2024;4357RB;1;344900;;;;;;;;;
2024;4363RJ;1;64000;;;;;;;;;
2024;4364SL;1;56100;D Maris;Poppendamseweg 5;Grijpskerke;20150780;;;;;
2024;4371EN;1;423400;Braamhof;Braamweg 12;Koudekerke;22052523;0118 592 016;;;;
2024;4371NJ;1;397000;;;;;;;;;
2024;4384NM;1;549900;;;;;;;;;
2024;4389VE;1;114600;;;;;;;;;
2024;4389VJ;1;48400;;;;;;;;;
2024;4421PW;1;456700;;;;;;;;;
2024;44227;1;2501300;;;;;;;;;
2024;4423PE;1;843500;;;;;;;;;
2024;44265;1;237700;;;;;;;;;
2024;44289;1;468100;;;;;;;;;
2024;44319;1;559000;;;;;;;;;
2024;44329;1;477900;;;;;;;;;
2024;44339;1;2192800;;;;;;;;;
2024;4433RZ;1;325700;;;;;;;;;
2024;44357;1;354600;;;;;;;;;
2024;44388;1;466600;;;;;;;;;
2024;4441SJ;1;110100;;;;;;;;;
2024;4443AH;1;255180;Stoeterij Dandelion;Gerbernesseweg 21 A;Nisse;55229433;;;;;
2024;4451NV;1;286100;;;;;;;;;
2024;4454PX;1;41800;;;;;;;;;
2024;44577;1;897600;;;;;;;;;
2024;44579;1;2751500;;;;;;;;;
2024;44627;1;454500;;;;;;;;;
2024;44628;1;336500;;;;;;;;;
2024;44651;1;410000;;;;;;;;;
2024;44795;1;535000;;;;;;;;;
2024;44797;1;248400;;;;;;;;;
2024;44805;1;7300;;;;;;;;;
2024;44807;1;1335800;;;;;;;;;
2024;44867;1;217600;;;;;;;;;
2024;44869;1;1428600;;;;;;;;;
2024;4493NE;1;350000;;;;;;;;;
2024;45133;1;1878900;;;;;;;;;
2024;45134;1;1192430;;;;;;;;;
2024;45149;1;1035400;;;;;;;;;
2024;45239;1;3154800;;;;;;;;;
2024;45257;1;691000;;;;;;;;;
2024;45279;1;751500;;;;;;;;;
2024;45289;1;852800;;;;;;;;;
2024;4529JJ;1;47500;;;;;;;;;
2024;45307;1;118700;;;;;;;;;
2024;45309;1;276300;;;;;;;;;
2024;45327;1;418200;;;;;;;;;
2024;45357;1;1084200;;;;;;;;;
2024;45359;1;370200;;;;;;;;;
2024;4538PN;1;45000;;;;;;;;;
2024;4539PG;1;85780;;;;;;;;;
2024;45470;1;873700;;;;;;;;;
2024;45472;1;1930780;;;;;;;;;
2024;45475;1;640400;;;;;;;;;
2024;45478;1;1864100;;;;;;;;;
2024;45479;1;325260;;;;;;;;;
2024;45481;1;4783700;;;;;;;;;
2024;45527;1;785400;;;;;;;;;
2024;45529;1;2572870;;;;;;;;;
2024;45549;1;1375800;;;;;;;;;
2024;45657;1;309100;;;;;;;;;
2024;45659;1;692300;;;;;;;;;
2024;45663;1;311300;;;;;;;;;
2024;45665;1;788600;;;;;;;;;
2024;4567PA;2;365700;;;;;;;;;
2024;45701;1;517200;;;;;;;;;
2024;45711;1;209400;;;;;;;;;
2024;4571PV;1;534300;;;;;;;;;
2024;45721;1;1308600;;;;;;;;;
2024;45739;1;350000;;;;;;;;;
2024;4575NB;1;40000;;;;;;;;;
2024;4575NH;1;66780;;;;;;;;;
2024;45768;1;719000;;;;;;;;;
2024;45770;1;2031900;;;;;;;;;
2024;45772;1;174200;;;;;;;;;
2024;45883;1;1861000;;;;;;;;;
2024;45892;1;439000;;;;;;;;;
2024;45894;1;225500;;;;;;;;;
2024;45896;1;1365300;;;;;;;;;
2024;45897;1;510200;;;;;;;;;
2024;4589KN;1;12000;;;;;;;;;
2024;45966;1;403300;;;;;;;;;
2024;45968;1;310000;;;;;;;;;
2024;46045;1;330400;;;;;;;;;
2024;46145;1;248000;;;;;;;;;
2024;46147;1;77500;;;;;;;;;
2024;4614BP;1;401400;;;;;;;;;
2024;4614PA;1;66200;;;;;;;;;
2024;4614PL;3;1136300;Manege De Paardenhoeve;Verlengde Zandstraat 7;;;0164-236339;;;;
2024;4614RJ;1;108000;;;;;;;;;
2024;4622RM;1;507600;The Pine Ranch;Bergsebaan 71;Bergen op Zoom;70704929;06 36396594;;;;
2024;46242;1;624400;;;;;;;;;
2024;46244;1;1648600;;;;;;;;;
2024;4624RE;1;285900;;;;;;;;;
2024;46282;1;4079740;;;;;;;;;
2024;46284;1;1615980;;;;;;;;;
2024;46286;1;1071600;;;;;;;;;
2024;4631SZ;1;598400;;;;;;;;;
2024;46325;1;1144100;;;;;;;;;
2024;46342;1;16300;;;;;;;;;
2024;46348;1;395600;;;;;;;;;
2024;4634RG;1;467900;;;;;;;;;
2024;4634TW;1;290900;Africhtings En Handelsstal De Visser;Rijzendeweg 17;Woensdrecht;59256257;;;;;
2024;46359;1;363400;;;;;;;;;
2024;4635RC;1;751300;;;;;;;;;
2024;46414;1;1759100;;;;;;;;;
2024;46446;1;833300;;;;;;;;;
2024;46485;1;1696900;;;;;;;;;
2024;46499;1;358300;;;;;;;;;
2024;46509;1;1535600;;;;;;;;;
2024;46514;1;748990;;;;;;;;;
2024;46519;1;2221000;;;;;;;;;
2024;4651RH;1;133700;;;;;;;;;
2024;4651XT;1;89500;;;;;;;;;
2024;46539;1;3239500;;;;;;;;;
2024;4655TT;1;109664;;;;;;;;;
2024;46562;1;117900;;;;;;;;;
2024;46569;1;4735700;;;;;;;;;
2024;4661PB;1;209400;Q Stables Vof;Tholenseweg 35;Halsteren;20147489;;;;;
2024;4661RE;1;574100;Vof Stal Kommers;Daansbergen 1;Halsteren;61194360;06 22817908;;;;
2024;4664PD;1;241900;;;;;;;;;
2024;4664RC;1;98100;;;;;;;;;
2024;4664RJ;1;235900;;;;;;;;;
2024;4671RB;1;1262700;;;;;;;;;
2024;4693PE;1;430700;;;;;;;;;
2024;4695SH;1;676100;;;;;;;;;
2024;4703SP;1;78000;;;;;;;;;
2024;4706PG;1;267400;;;;;;;;;
2024;4706RA;1;31500;;;;;;;;;
2024;4707PE;1;43500;;;;;;;;;
2024;4707PL;1;326700;;;;;;;;;
2024;4707RL;1;300900;Rockx Beheer En Beleggingen Bv;Passenberg 44;Roosendaal;64036146;;;;;
2024;4707RM;1;85200;;;;;;;;;
2024;4709AS;1;54000;Raats Horses;Bergsebaan 112 a;Nispen;75193329;;;;;
2024;4709PA;1;313800;Mb Dressage Stables;Kerkweg 1;Nispen;20124957;;;;;
2024;4709PB;1;576000;;;;;;;;;
2024;4709PN;1;128300;;;;;;;;;
2024;4709RR;1;60000;;;;;;;;;
2024;47119;1;319600;;;;;;;;;
2024;4714SZ;1;125700;Trainingsstal Koolwijk;Ettenseweg 23;Sprundel;74706640;;;;;
2024;4715EN;1;117300;Stoeterij De Postbaan Bv;Goedevaart 4;Rucphen;20069184;;;;;
2024;4715PA;1;147700;Springstal T Bergse Bos;Roosendaalsebaan 27;Rucphen;55525857;;;;;
2024;4715PE;1;332200;Stal De Wit;de Schietbaan 11;Rucphen;20041236;;;;;
2024;4715PM;1;722500;;;;;;;;;
2024;4715PN;1;1092400;;;;;;;;;
2024;4715RH;1;401500;;;;;;;;;
2024;4715TA;1;277100;;;;;;;;;
2024;47169;1;535800;;;;;;;;;
2024;47199;1;1536700;;;;;;;;;
2024;4721PB;1;172700;Vdh Stables Bv;Plattebaan 2;Schijf;68415621;;;;;
2024;4721PC;3;1079800;Mts De Laat Van Osch;Nederheide 9 A;Schijf;20168761;0165 366 402;;;;
2024;47226;1;361200;;;;;;;;;
2024;47228;1;342900;;;;;;;;;
2024;4722SE;1;82800;;;;;;;;;
2024;47239;1;1052500;;;;;;;;;
2024;47259;1;528700;;;;;;;;;
2024;4725SE;1;1045900;;;;;;;;;
2024;4725SK;2;649900;Vdp Stables;Mariabaan 12;Wouwse Plantage;70964408;06 29024323;;;;
2024;4725SL;1;243700;;;;;;;;;
2024;47264;1;202000;;;;;;;;;
2024;4726TC;1;9700;Stoeterij Zoomvliet;Zoomvlietweg 8;Heerle;20124519;;;;;
2024;4731SN;1;460300;Verdonk Employe;Jan Teunisstraat 24;Oudenbosch;52953130;;;;;
2024;4731TP;1;40000;;;;;;;;;
2024;4735TC;1;134400;;;;;;;;;
2024;4741TE;1;123000;Olwens Hoeve;Gors 62;Hoeven;20071755;;;;;
2024;4741TG;1;210600;;;;;;;;;
2024;4741TP;1;795000;Stal Belvedere Bv;Bovenstraat 75 a;Hoeven;20077757;0165 503665;;;;
2024;47441;1;86700;;;;;;;;;
2024;47445;1;922900;;;;;;;;;
2024;47447;1;4389700;;;;;;;;;
2024;47475;1;536200;;;;;;;;;
2024;47495;1;1368500;;;;;;;;;
2024;47506;1;1174800;;;;;;;;;
2024;47509;1;1400900;;;;;;;;;
2024;4751HP;1;20000;;;;;;;;;
2024;4751RD;2;570360;;;;;;;;;
2024;4751RE;1;121000;;;;;;;;;
2024;4751RW;1;1093700;;;;;;;;;
2024;4751RX;1;230600;;;;;;;;;
2024;4751TE;1;129600;Van Venrooij Equine Services;Opperstraat 12;Oud Gastel;58513302;;;;;
2024;4751VB;1;108300;;;;;;;;;
2024;4751VE;1;312700;D Mosterdijk;Gastelsedijk Zuid 4;Oud Gastel;30255616;;;;;
2024;4751WH;1;41100;;;;;;;;;
2024;47533;1;257500;;;;;;;;;
2024;47551;1;498360;;;;;;;;;
2024;47559;1;582060;;;;;;;;;
2024;4756SE;1;232300;Trainings En Africhtingsstal Testers;Engelseweg 1 d;Kruisland;20079445;;;;;
2024;4756TD;1;30940;;;;;;;;;
2024;47574;1;3602000;;;;;;;;;
2024;47589;1;2127600;;;;;;;;;
2024;4758TT;1;58100;;;;;;;;;
2024;47608;1;578500;;;;;;;;;
2024;4761PN;1;286700;;;;;;;;;
2024;47624;1;924100;;;;;;;;;
2024;47625;1;949800;;;;;;;;;
2024;47626;1;304300;;;;;;;;;
2024;47627;1;408000;;;;;;;;;
2024;4762RA;1;144800;;;;;;;;;
2024;47638;1;191700;;;;;;;;;
2024;47647;1;1299400;;;;;;;;;
2024;47652;1;5976700;;;;;;;;;
2024;47661;1;963600;;;;;;;;;
2024;47665;1;1517400;;;;;;;;;
2024;47669;1;625300;;;;;;;;;
2024;4771RA;1;232700;;;;;;;;;
2024;47800;1;1100400;;;;;;;;;
2024;47802;1;2527200;;;;;;;;;
2024;47803;1;2509000;;;;;;;;;
2024;47807;1;333400;;;;;;;;;
2024;47829;1;489000;;;;;;;;;
2024;4782SC;1;129360;;;;;;;;;
2024;47839;1;1794800;;;;;;;;;
2024;47877;1;2524500;;;;;;;;;
2024;47906;1;3662900;;;;;;;;;
2024;47918;1;881500;;;;;;;;;
2024;4791BM;1;177900;;;;;;;;;
2024;47929;1;893600;;;;;;;;;
2024;4793HJ;1;50400;;;;;;;;;
2024;4793RC;1;23000;;;;;;;;;
2024;48155;1;1329640;;;;;;;;;
2024;48157;1;2183030;;;;;;;;;
2024;48159;1;485190;;;;;;;;;
2024;48161;1;145000;;;;;;;;;
2024;48163;1;219000;;;;;;;;;
2024;48167;1;986650;;;;;;;;;
2024;48249;1;714000;;;;;;;;;
2024;4825BP;1;341200;;;;;;;;;
2024;48291;1;577700;;;;;;;;;
2024;48308;1;153000;;;;;;;;;
2024;48329;1;1436750;;;;;;;;;
2024;48336;1;530040;;;;;;;;;
2024;48341;1;5100;;;;;;;;;
2024;4834XR;1;1177400;;;;;;;;;
2024;4836BC;1;264600;;;;;;;;;
2024;4836MC;1;565600;;;;;;;;;
2024;4838EG;1;452400;Sintels Bv;Rijsbergseweg 590;Breda;20046671;;;;;
2024;4838EP;1;510600;Lips Stables Bv;Vaartwegje 46;Breda;60698608;;;;;
2024;4838GD;1;34300;;;;;;;;;
2024;4838GN;1;12000;;;;;;;;;
2024;4841KK;1;52900;;;;;;;;;
2024;4841KM;1;380200;;;;;;;;;
2024;4841KR;1;322000;Stream Stables;Brielsedreef 55;Prinsenbeek;70911177;;;;;
2024;4841NL;1;17000;;;;;;;;;
2024;48432;1;240800;;;;;;;;;
2024;4844PK;1;807800;;;;;;;;;
2024;4844PN;1;193200;De Liniehoeve;Schimmer 6;Terheijden;51951045;;;;;
2024;4845PL;2;78400;;;;;;;;;
2024;48465;1;72400;;;;;;;;;
2024;4847NC;1;335900;Vof Jespers Nolen;Bergse Pad 8;Teteringen;20055773;;;;;
2024;4847NH;1;301400;Stal Jespers;Hoeveneind 118;Teteringen;71864865;;;;;
2024;4847SH;2;1178100;Balemans Ruitersportcentrum;Laanzichtweg 105;Teteringen;63761432;076 571 0516;;;;
2024;48480;1;122400;;;;;;;;;
2024;48488;1;396600;;;;;;;;;
2024;4849PR;1;199000;;;;;;;;;
2024;4849RD;1;135600;;;;;;;;;
2024;4854PN;1;758000;;;;;;;;;
2024;4855AS;1;310800;;;;;;;;;
2024;4856AA;1;167400;;;;;;;;;
2024;4856AB;1;434100;;;;;;;;;
2024;4858RE;1;61000;;;;;;;;;
2024;4859AC;1;526500;Bg Sporthorses Bv;De Leeuwerik 8 a;Bavel AC;67547958;;;;;
2024;4861PD;1;75200;;;;;;;;;
2024;4861RD;1;761000;Stalhouderij de Sluis;Sluisstraat 3;;;642613484;;;;
2024;4861TD;2;80000;;;;;;;;;
2024;48653;1;943000;;;;;;;;;
2024;48712;1;588000;;;;;;;;;
2024;4871NA;1;1025000;;;;;;;;;
2024;4871NG;1;139080;Paardenmelkerij De Edelweiss;Hanekinderstraat 9;Etten-Leur;20155872;;;;;
2024;48720;1;193600;;;;;;;;;
2024;48734;1;338400;;;;;;;;;
2024;48739;1;69500;;;;;;;;;
2024;4873LJ;1;112860;;;;;;;;;
2024;4873LL;1;478700;;;;;;;;;
2024;4873LN;1;414200;Vof De Bollenhoeve;Bollenstraat 5;Etten-Leur;20100838;;;;;
2024;4873NC;1;63600;;;;;;;;;
2024;4875CB;1;230800;;;;;;;;;
2024;4881ND;1;172700;;;;;;;;;
2024;4881NE;1;189900;;;;;;;;;
2024;4882NN;1;160500;;;;;;;;;
2024;4885KJ;1;214200;Vw Horses;Nieuwmoerseweg 31;Achtmaal;77287517;;;;;
2024;4885KM;1;232900;Jochems Invest;Eendenkooistraat 15;Achtmaal;77077822;;;;;
2024;4885KV;1;127900;;;;;;;;;
2024;4891CM;1;516600;;;;;;;;;
2024;4891NN;1;39900;;;;;;;;;
2024;4891PV;1;403500;;;;;;;;;
2024;4891SW;1;36900;;;;;;;;;
2024;4891TD;1;126840;;;;;;;;;
2024;4891ZB;1;185900;Stal Petrideko;Pannenhoefsebaan 42;Rijsbergen;20161580;;;;;
2024;4902RW;1;336100;;;;;;;;;
2024;4909AE;1;155120;;;;;;;;;
2024;4909AH;1;183300;;;;;;;;;
2024;4909AX;1;75000;;;;;;;;;
2024;4909BD;1;220600;Timmermans Melis;Heistraat 17;Oosteind;20170019;;;;;
2024;4909BJ;1;657600;;;;;;;;;
2024;4911BW;1;1258000;Gj Van Olst Bv;Terheijdensspoor 9;Den Hout;20074975;;;;;
2024;4924EC;1;505300;Stal Van Stokkom;Zeggeweg 3;Drimmelen;20164723;;;;;
2024;4926SL;1;38000;;;;;;;;;
2024;4927RK;1;255400;Horseland Zwaluwe;Moerseweg 5;Hooge Zwaluwe;74647210;;;;;
2024;49479;1;87300;;;;;;;;;
2024;49843;1;333700;;;;;;;;;
2024;50126;1;14000;;;;;;;;;
2024;50127;1;372400;;;;;;;;;
2024;50129;1;108600;;;;;;;;;
2024;5012TC;1;352840;Q Stables;Quirijnstokstraat 17;Tilburg;72332360;;;;;
2024;50170;1;138800;;;;;;;;;
2024;50171;1;56700;;;;;;;;;
2024;50181;1;13000;;;;;;;;;
2024;50189;1;150700;;;;;;;;;
2024;5018TD;1;225000;;;;;;;;;
2024;50226;1;237400;;;;;;;;;
2024;5022AL;1;207100;;;;;;;;;
2024;5022MD;1;16900;;;;;;;;;
2024;50259;1;967900;;;;;;;;;
2024;5032PC;1;1132800;;;;;;;;;
2024;5032PJ;1;274600;;;;;;;;;
2024;5032WR;1;55000;;;;;;;;;
2024;50354;1;65600;;;;;;;;;
2024;5036NA;1;656900;;;;;;;;;
2024;50374;1;88200;;;;;;;;;
2024;5045LN;1;132500;;;;;;;;;
2024;5048CL;1;49540;;;;;;;;;
2024;5048TD;1;7567;;;;;;;;;
2024;5051DD;1;37060;;;;;;;;;
2024;5051HS;1;123000;;;;;;;;;
2024;5051PH;2;340500;;;;;;;;;
2024;5059AM;1;200820;;;;;;;;;
2024;5059AN;1;580000;;;;;;;;;
2024;5062JK;1;823000;Manege T Halster;Sportlaan 2;Oisterwijk;76690970;013 528 3509;;;;
2024;5066CB;2;359600;;;;;;;;;
2024;5066CJ;2;250740;Amm Rijnen;Oirschotseweg 64;Moergestel;17260232;;;;;
2024;5066CV;1;190000;Stal Donkers;Floraweg 1;Moergestel;18059044;;;;;
2024;5066PW;1;282000;Burgers Hengsten Bv;Sebrechtsedijk 2;Moergestel;68287348;;;;;
2024;5066XG;1;119200;Blackstar Stables Bv;Heukelomsebaan 3;Moergestel;78561809;;;;;
2024;5071RA;2;865800;Keuninx Paardenfokkerij En Pension;Schoorstraat 28 a;Udenhout;53193342;013 511 3460;;;;
2024;5071RH;1;53480;;;;;;;;;
2024;5071RP;1;17650;;;;;;;;;
2024;50737;1;13900;;;;;;;;;
2024;50765;1;105900;;;;;;;;;
2024;50769;1;251400;;;;;;;;;
2024;5076PK;1;339880;;;;;;;;;
2024;5076PR;1;364400;Hanzon Horses;Heesakker 5 A;;;653320468;;;;
2024;5081HG;1;279200;Maatschap Bruurs Akkermans;Goirlesedijk 2;Hilvarenbeek;17254920;;;;;
2024;5081NE;1;724800;;;;;;;;;
2024;5081NK;2;547800;Florian Stables;Veldhoven 15 A;Hilvarenbeek;76284395;651529797;;;;
2024;5081XR;1;424400;De Gerdine Hoeve;De Geul 2;Hilvarenbeek;18034960;;;;;
2024;5084HB;1;561500;Stal Van Hoof Bv;Hakvoortseweg 19;Biest-Houtakker;78131138;;;;;
2024;5084HT;1;106400;;;;;;;;;
2024;50859;1;96100;;;;;;;;;
2024;5085ED;1;322300;Stal De Utrecht Vof;Groenstraat 19;Esbeek;18071136;;;;;
2024;5085ND;1;98160;;;;;;;;;
2024;5089NS;1;459200;;;;;;;;;
2024;5089NW;2;484100;Stal Jansen En Jansen Bv;Moergestelseweg 3 A;Haghorst;64447367;;;;;
2024;5089PH;1;17300;Paardenhouderij Rombouts;Koningin Julianaweg 1;Haghorst;80150535;;;;;
2024;5091JS;1;1174200;Steenhof Stables;Steenovenweg 1;Oost West en Middelbeers;17207791;06 25150557;;;;
2024;5091SJ;1;296400;Koen Leemans Equestrian Bv;Langegracht 4;Oost West en Middelbeers;59799595;;;;;
2024;5091TG;1;231100;;;;;;;;;
2024;5091TJ;1;431800;;;;;;;;;
2024;5094BD;1;233180;Ajc Smolders;Neterselsedijk 42;Lage Mierde;54484286;;;;;
2024;5095AB;1;102800;;;;;;;;;
2024;5095AC;2;281280;Frankenhoeve;De Luther 18;Hooge Mierde;68109164;;;;;
2024;5095BD;2;346800;Academy Horses Bv;Koestraat 11 b;Hooge Mierde;68764596;;;;;
2024;50996;1;18000;;;;;;;;;
2024;50997;1;128700;;;;;;;;;
2024;50999;1;182800;;;;;;;;;
2024;5101PA;1;215900;;;;;;;;;
2024;5103BP;1;30000;;;;;;;;;
2024;5105AB;1;15460;;;;;;;;;
2024;51061;1;115600;;;;;;;;;
2024;51069;1;34000;;;;;;;;;
2024;5106AA;1;47000;Stoeterij Klein Dongen Cv;Klein Dongenseweg 43;Dongen;18061869;;;;;
2024;5109RA;1;117350;Vof Melsen;Vaartweg 19 A;'s Gravenmoer;18064684;;;;;
2024;5109TK;1;152000;;;;;;;;;
2024;5111EP;1;145000;;;;;;;;;
2024;5111XG;1;171100;Stal Boschoven Bv;Boschoven 16;Baarle-Nassau;66449316;;;;;
2024;5113TA;1;476100;Christie Dreessen Paardentandarts;Baarleseweg 10;Ulicoten;27353828;;;;;
2024;5121RE;1;469000;;;;;;;;;
2024;5124NC;1;220000;;;;;;;;;
2024;5124NJ;1;257600;;;;;;;;;
2024;5124RJ;1;199200;Stal Wauben;Donkstraat 25;Molenschot;72051280;;;;;
2024;5125ND;1;334100;;;;;;;;;
2024;5125NH;1;431000;;;;;;;;;
2024;5125NJ;1;258100;Stal Jellema;Wierkstraat 8;Hulten;67710379;;;;;
2024;5125PA;1;40900;;;;;;;;;
2024;5126AZ;1;149700;Tja Vof;Bessemeindseweg 6;Gilze;56375050;;;;;
2024;5126BW;1;142520;;;;;;;;;
2024;5126NR;1;167000;De Zwing;Hoogstraat 3;Gilze;17246413;;;;;
2024;5126PH;1;181200;;;;;;;;;
2024;5126PL;1;172500;;;;;;;;;
2024;5126PS;1;19940;;;;;;;;;
2024;5126WX;1;273700;;;;;;;;;
2024;5131BW;1;35500;Stal Het Merkske;Boslust 10;Alphen;74543032;;;;;
2024;5131NA;1;104200;;;;;;;;;
2024;5131NK;1;434300;;;;;;;;;
2024;5133AA;1;270000;;;;;;;;;
2024;5133AB;1;863300;;;;;;;;;
2024;5133NA;1;380100;Manege Groepsaccomodatie Het Hoefke;Het Hoefke 3;Riel;17242358;;;;;
2024;51371;1;249100;;;;;;;;;
2024;51373;1;271400;;;;;;;;;
2024;51375;1;122400;;;;;;;;;
2024;51377;1;240500;;;;;;;;;
2024;51429;1;403800;;;;;;;;;
2024;51467;1;46000;;;;;;;;;
2024;51469;1;241400;;;;;;;;;
2024;51491;1;1602100;;;;;;;;;
2024;5151RG;1;97900;Pensionstal Giersbergen;Giersbergen 5;Drunen;17172518;;;;;
2024;5151RH;1;955000;R Vissers Drunen;Margrietweg 1;Drunen;17270867;;;;;
2024;5158NA;1;101400;;;;;;;;;
2024;5161AN;1;107800;;;;;;;;;
2024;5161GL;1;674000;;;;;;;;;
2024;5161PM;1;274700;;;;;;;;;
2024;5165RA;1;100000;;;;;;;;;
2024;5165RE;1;169700;;;;;;;;;
2024;5171GK;1;59000;;;;;;;;;
2024;5171NC;2;191820;In T Groen;Baan 4;Kaatsheuvel;17269090;;;;;
2024;5171PJ;1;165000;Pas Sportpaarden Bv;Bernsehoef 4;Kaatsheuvel;18059762;;;;;
2024;5171RB;2;592000;De Smulhoeve Holding Bv;van Haestrechtstraat 15 B;Kaatsheuvel;17227189;;;;;
2024;5171RC;2;816580;;;;;;;;;
2024;5171RL;1;69080;;;;;;;;;
2024;5171TJ;1;121500;;;;;;;;;
2024;5175NV;1;51500;;;;;;;;;
2024;5175NW;1;149600;;;;;;;;;
2024;5175NX;1;493700;;;;;;;;;
2024;5175PB;1;567000;Natuurpoort van Loon;Kloosterstraat 119;;;0416-361519;;;;
2024;5176NM;1;169900;Invictus Bv;Heibloemstraat 10;De Moer;62219774;;;;;
2024;5211NJ;1;29300;;;;;;;;;
2024;52355;1;10000;;;;;;;;;
2024;52379;1;8600;;;;;;;;;
2024;5237NB;1;21700;;;;;;;;;
2024;52428;1;25600;;;;;;;;;
2024;5243RK;1;198200;;;;;;;;;
2024;52445;1;30700;;;;;;;;;
2024;5247NP;1;732400;;;;;;;;;
2024;5248NL;1;705600;;;;;;;;;
2024;52499;1;656600;;;;;;;;;
2024;52511;1;2020300;;;;;;;;;
2024;5251KL;1;223900;;;;;;;;;
2024;52525;1;122100;;;;;;;;;
2024;52538;1;140200;;;;;;;;;
2024;5253AL;1;119000;Paardenhouderij Broeren Elshout Bv;Nieuwkuijksestraat 152;Nieuwkuijk;18028573;;;;;
2024;5253AR;1;29200;;;;;;;;;
2024;5254JN;1;39000;;;;;;;;;
2024;5254JS;1;567200;;;;;;;;;
2024;5255PA;1;85000;Robin Hoods Stables;Bernsestraat 15;Herpt;18048124;;;;;
2024;5257NH;1;773100;Stal Poppelaars Vof;De Omloop 5;Hedikhuizen;51054035;06 52466447;;;;
2024;5258TM;1;243600;;;;;;;;;
2024;5258TN;1;589200;;;;;;;;;
2024;5258TW;1;55000;Van Rooij Kluijtmans Vof;Zandstraat 37;Berlicum;17150409;;;;;
2024;5262GJ;1;778600;;;;;;;;;
2024;5263LT;1;596000;C C Maas Bv;Helvoirtseweg 211;Vught;16086685;;;;;
2024;5263NM;1;131700;;;;;;;;;
2024;5266AD;1;270400;;;;;;;;;
2024;5266AJ;1;355200;;;;;;;;;
2024;5266AL;1;387400;;;;;;;;;
2024;5266AS;1;225000;;;;;;;;;
2024;5268CG;1;268500;;;;;;;;;
2024;5268JW;1;116700;;;;;;;;;
2024;5268KW;1;7000;;;;;;;;;
2024;5268LE;1;856890;;;;;;;;;
2024;5268LG;1;408040;;;;;;;;;
2024;5268LK;1;489000;;;;;;;;;
2024;5271VC;1;880300;Stal Felicia;Lookertstraat 8;Sint-Michielsgestel;16039972;06 55130055;;;;
2024;5271VE;1;222600;Bentevree;Ruimel 7;Sint-Michielsgestel;53822463;;;;;
2024;5271VN;1;18000;Equistaete Bv;Theereheide 6;Sint-Michielsgestel;74317849;;;;;
2024;5275HC;1;211100;;;;;;;;;
2024;5275HV;1;40000;;;;;;;;;
2024;5275JB;1;328080;Stal Heijmans;Preutelsteeg 2;Den Dungen;71154582;;;;;
2024;5281PD;1;53380;;;;;;;;;
2024;5281SC;1;25400;Dester Van Nunen Fotografie;Koevoortseweg 20;Boxtel;70033978;;;;;
2024;5281TJ;1;312300;Stoeterij Bloemendael Vof;Bosrand 3;Boxtel;77097238;;;;;
2024;5282HP;1;306900;Schoenmakers;Uilenbroek 3;Boxtel;17245516;;;;;
2024;5282JE;1;251100;Kim Vugts;Nergena 20;Boxtel;62444530;;;;;
2024;5291AL;1;25980;Stal Van Esch;Kerkeind 15;Gemonde;17125387;;;;;
2024;5291NE;1;60000;J Van Kessel;Boomstraat 10;Gemonde;17275494;;;;;
2024;5292NH;1;234300;;;;;;;;;
2024;5294NG;1;256800;Vepac Bv;Besselaar 10;Gemonde;16040035;;;;;
2024;5296KH;1;111200;;;;;;;;;
2024;5298LP;1;254300;Stal Van De Sande;Dazingstraat 1;Liempde;16081258;;;;;
2024;5298NE;1;435500;;;;;;;;;
2024;5305TE;1;254200;De Paardenfokkerij Suylighem Bv;Mertstraat 2 d;Zuilichem;62604546;;;;;
2024;5306HB;2;2755210;Dressuurstal Van Baalen Bv;Verdrietweg 2;Brakel;70556903;0418 674 042;;;;
2024;5307HR;1;18480;;;;;;;;;
2024;5311AB;1;127000;;;;;;;;;
2024;5311PC;1;347000;Sb Horses Bv;Middelkampseweg 5;Gameren;30243565;;;;;
2024;5313AP;1;96500;Veehouderij H Timmer;Kerkstraat 37;Nieuwaal;30280162;;;;;
2024;5314AS;1;303100;;;;;;;;;
2024;5314LE;1;176000;W Den Otter;Steenweg 4;Bruchem;75558424;;;;;
2024;5314LL;1;228000;;;;;;;;;
2024;5314LN;1;16478431;;;;;;;;;
2024;5315AB;1;60000;;;;;;;;;
2024;5321JE;1;865800;;;;;;;;;
2024;53229;1;156900;;;;;;;;;
2024;5324AZ;1;823000;;;;;;;;;
2024;5325KB;1;96000;Paardenbedrijf De Woeste Hoeve;Slijkwellsestraat 22;Well;11063821;;;;;
2024;5328JD;1;444000;Leeuwenhaag;H.C. de Jonghweg 5;Rossum;60583991;;;;;
2024;53343;1;122600;;;;;;;;;
2024;5334LL;1;526000;;;;;;;;;
2024;5334NT;1;155000;;;;;;;;;
2024;5335LB;2;984100;Dutchsportponys;Veerweg 1 b;Alem;66265193;06 29414477;;;;
2024;5342NJ;1;327500;;;;;;;;;
2024;5345HC;1;12000;;;;;;;;;
2024;5345HR;1;145900;Farmerhoeve Vof;Langendonkweg 10;Oss;68572492;;;;;
2024;5346JK;1;72800;;;;;;;;;
2024;5346JN;1;1024200;Manege Van Erp Vof;Frankenbeemdweg 39;Oss;16056989;0412 636 602;;;;
2024;5346PH;1;230600;;;;;;;;;
2024;5351PP;1;367800;;;;;;;;;
2024;5356PB;1;243400;;;;;;;;;
2024;5357NA;1;330900;Horse Et Bv;Ganzenweg 20;Overlangel;72020733;;;;;
2024;5363TM;1;2175800;;;;;;;;;
2024;5364NB;1;176200;;;;;;;;;
2024;5373KJ;1;96000;;;;;;;;;
2024;5373KK;1;47440;;;;;;;;;
2024;5373LE;1;120000;;;;;;;;;
2024;5373LK;1;438800;;;;;;;;;
2024;5374NK;1;234000;;;;;;;;;
2024;5375AH;1;52000;;;;;;;;;
2024;5375KC;1;32000;;;;;;;;;
2024;5382JT;1;222900;;;;;;;;;
2024;5384PN;1;492400;;;;;;;;;
2024;5384RB;2;821000;Stal De Fliere Fluiter;Wijststraat 16;Heesch;17245420;0412 451 350;;;;
2024;5384ST;1;41000;;;;;;;;;
2024;5386KC;1;287000;;;;;;;;;
2024;5386KR;1;185500;;;;;;;;;
2024;53881;1;389200;;;;;;;;;
2024;5388RD;1;135700;;;;;;;;;
2024;5388XB;1;430400;;;;;;;;;
2024;53909;1;8700;;;;;;;;;
2024;53913;1;25200;;;;;;;;;
2024;53919;1;12200;;;;;;;;;
2024;5391KC;1;586700;;;;;;;;;
2024;5394AC;1;271800;;;;;;;;;
2024;5394LP;1;314600;Burgthoeve Zorgboerderij Bv;Lutterweg 13;Oijen;76862291;;;;;
2024;5396NL;1;115000;Koppelaars;Weisestraat 29;Lithoijen;17190523;;;;;
2024;5396PB;1;451900;;;;;;;;;
2024;5397LA;2;419700;Van De Weerdt Ackermans Vof;Hertog Janstraat 57;Lith;51237709;;;;;
2024;5398CB;1;90000;;;;;;;;;
2024;5398CG;1;372300;;;;;;;;;
2024;5398HR;1;455000;Nelissen Vof;Pastoor Roesweg 30;Maren-Kessel;16086684;;;;;
2024;5398JD;1;219400;Hengstenhouderij G Toonen;Marenseweg 1;Maren-Kessel;61423238;;;;;
2024;5401GN;1;208300;;;;;;;;;
2024;5402EK;1;12100;;;;;;;;;
2024;5406NA;1;75000;Maatschap Van Boekel Langenhuijzen;Eikenheuvelweg 15;Uden;17246233;;;;;
2024;5406TD;1;447500;;;;;;;;;
2024;5406TH;1;426300;;;;;;;;;
2024;5406TS;1;438600;Ajj Sommers;Canadasweg 9 A;Uden;17263980;612598888;;;;
2024;5406XH;1;278100;Paardensportcentrum Olympic;Vluchtoordweg 3;Uden;16054567;;;;;
2024;5406XJ;2;372000;Stal Timmers 2;Patersweg 15;Uden;77957083;;;;;
2024;5408PA;1;406100;Stal Van Boxtel;Maatseheistraat 4;Volkel;17135317;;;;;
2024;5408SM;1;314400;;;;;;;;;
2024;5409AE;1;146500;;;;;;;;;
2024;5409SK;1;37820;;;;;;;;;
2024;5409SX;1;146480;;;;;;;;;
2024;5409TC;1;47000;Manders Selten Vof;Ontginningsweg 7;Odiliapeel;51073323;;;;;
2024;5411EL;1;22000;;;;;;;;;
2024;5411RE;1;198940;Orchids Paardenmelkerij;Graafsebaan 3;Zeeland;16074369;;;;;
2024;5411RM;1;278300;;;;;;;;;
2024;5411RN;1;674900;RSC De Drie Linden;Zevenhuis 32;;;0486-451410;;;;
2024;5411VD;1;23400;;;;;;;;;
2024;5421ZJ;1;24700;;;;;;;;;
2024;5423VV;1;316900;Stal Krol Vof;Haveltweg 66;Handel;53114329;;;;;
2024;5424SH;1;679100;Stal Keizersberg Bv;Keizersberg 24;Elsendorp;60128631;;;;;
2024;5425RD;2;1018800;Springstal Van De Wetering;Breemhorstsedijk 65;De Mortel;17168352;06 53842131;;;;
2024;5425RL;1;443700;;;;;;;;;
2024;5425VC;1;657900;Manege De Stap;De Stap 12;;;0492-365382;;;;
2024;5427EG;1;205800;Ak Quarter Horses Bv;Peelstraat 24;Boekel;67991149;;;;;
2024;5427HD;1;458700;Stal Meulemeesters;De Bunders 4 b;Boekel;17273940;;;;;
2024;5427LP;1;44300;Verhagen Horse Service Vof;Rietven 4;Boekel;57719721;;;;;
2024;5427RC;1;413500;;;;;;;;;
2024;5427RL;1;147100;;;;;;;;;
2024;5428NR;2;533490;Vof De Noordkant;Noordstraat 15;Venhorst;51107023;;;;;
2024;5435XA;1;257900;Dressuurstal Odiliahoeve;Odiliadijk 4;Sint Agatha;17244586;;;;;
2024;5437AA;1;94200;;;;;;;;;
2024;5437PG;1;153000;Agm Huberts;Vianenstraat 6;Beers NB;16064194;;;;;
2024;5438NA;1;89100;;;;;;;;;
2024;5438NE;1;10000;;;;;;;;;
2024;5439NH;1;12000;Mw Haverkamp;Eindsestraat 10;Linden;16048208;;;;;
2024;5441PJ;1;87350;;;;;;;;;
2024;5441XA;1;65700;;;;;;;;;
2024;5441XG;1;28000;;;;;;;;;
2024;5443NJ;1;24400;;;;;;;;;
2024;5443NL;1;60540;;;;;;;;;
2024;5445PA;1;145700;;;;;;;;;
2024;5447PC;1;188200;;;;;;;;;
2024;5447PK;1;641200;Fvk Horses Goatservice;Sprongseweg 7;Rijkevoort;53792734;;;;;
2024;5449AD;1;199950;Stal De Walschot;Walsert 5 A;Rijkevoort-De Walsert;66258944;;;;;
2024;5453RJ;1;192100;;;;;;;;;
2024;5453RL;1;35000;;;;;;;;;
2024;5453RS;1;239300;;;;;;;;;
2024;5454NL;1;145890;;;;;;;;;
2024;5455RB;1;26140;Vetipen Bv;Driesweg 10;Wilbertoord;16080821;;;;;
2024;5463PB;2;644600;;;;;;;;;
2024;5464TH;1;327000;;;;;;;;;
2024;5464VC;1;603000;Paardenfokkerij De Korte;Voorhei 10;Veghel;63759357;;;;;
2024;5465PM;1;259100;;;;;;;;;
2024;5465RB;1;110000;;;;;;;;;
2024;5466PN;1;49180;;;;;;;;;
2024;5466PS;1;154100;;;;;;;;;
2024;5469PL;1;36900;;;;;;;;;
2024;5469PR;1;63000;;;;;;;;;
2024;5469SC;1;364000;;;;;;;;;
2024;5472PS;1;80960;Roefs Vof;Achterdonksestraat 5;Loosbroek;17129594;;;;;
2024;5472PT;1;214900;Stal Aaldering;Busselsesteeg 2;Loosbroek;17166157;;;;;
2024;5473KG;2;1009620;Paardenhouderij Tizzum;Lange Kruisdelstraat 5 c;Heeswijk-Dinther;69929602;06 20515697;;;;
2024;5473RG;1;190500;;;;;;;;;
2024;5473VG;2;654900;;;;;;;;;
2024;5473XL;1;585000;;;;;;;;;
2024;5476VB;1;350600;;;;;;;;;
2024;5476VJ;1;39400;Mts Vd Heijden V Santvoort;Nistelrodesedijk 14;Vorstenbosch;51457113;;;;;
2024;5476VM;1;393600;;;;;;;;;
2024;5476VX;1;163160;;;;;;;;;
2024;5481VE;1;343000;;;;;;;;;
2024;5481XN;1;949100;Stal Witte Bv;Olieeindsestraat 8;Schijndel;16043191;073 547 5928;;;;
2024;5482VX;1;479000;Stal Vermulst;Het Hooghekke 7;Schijndel;56298900;;;;;
2024;5482VZ;1;13000;;;;;;;;;
2024;5482WX;1;215500;Paardenhouderij De Meulendijk;Molendijk-Noord 91 A;Schijndel;78744156;;;;;
2024;5482ZR;1;722400;;;;;;;;;
2024;5482ZT;1;258500;Cam Van Den Oetelaar Bv;Dungensesteeg 9 A;Schijndel;63627396;;;;;
2024;5482ZX;1;237800;Paardenhouderij Dn Bles;Houterdsedijk 27;Schijndel;17128180;;;;;
2024;5482ZZ;1;240900;Vof Verbakel;Houterdsedijk 12;Schijndel;17132361;;;;;
2024;5491PG;2;448700;Stal Quinto;Vresselse-Akkers 3 a;Sint-Oedenrode;17188523;;;;;
2024;5491PH;1;47700;;;;;;;;;
2024;5491PJ;1;158900;;;;;;;;;
2024;5491RB;1;31310;;;;;;;;;
2024;5491RG;1;155200;;;;;;;;;
2024;5491RJ;1;229000;Nadja Lommers Dressage Horses;Spierkesweg 13 a;Sint-Oedenrode;64219046;;;;;
2024;5491RM;1;99000;;;;;;;;;
2024;5491RV;1;188800;;;;;;;;;
2024;5491TD;1;85880;;;;;;;;;
2024;5491TE;1;421500;;;;;;;;;
2024;5491TL;1;294300;Hengstenhouderij Den Hoorn;Sterrebos 7;Sint-Oedenrode;17265886;;;;;
2024;5491VD;1;502640;;;;;;;;;
2024;5491VG;1;182300;Romiks Hof;Hoogeind 9;Sint-Oedenrode;17158867;;;;;
2024;5491XX;1;40800;;;;;;;;;
2024;5492NC;1;8500;;;;;;;;;
2024;5492VT;2;710500;Mj Aarts;Hoogstraat 15;Sint-Oedenrode;65410505;;;;;
2024;5504NJ;1;176200;;;;;;;;;
2024;5504PT;1;36460;Paardenstoeterij Van Bommel;Volmolenweg 17;Veldhoven;62056417;;;;;
2024;5504PZ;1;405000;;;;;;;;;
2024;5504RL;1;903600;;;;;;;;;
2024;5507PW;1;154100;;;;;;;;;
2024;5511KS;1;351460;Stal Van Dillen;Hoekdries 3;Knegsel;61276162;;;;;
2024;5513NR;1;276100;;;;;;;;;
2024;5521ND;1;684100;;;;;;;;;
2024;5521NP;1;955100;PCK Eersel;Molenveld 5;;;0497-512534;;;;
2024;5521PM;1;32200;;;;;;;;;
2024;5524KE;1;1194200;Stal Smits;Tasbroekwegje 4;Steensel;17270318;0497 512 684;;;;
2024;5525AS;1;20700;;;;;;;;;
2024;5525KE;1;73500;;;;;;;;;
2024;5527JT;1;516400;;;;;;;;;
2024;5528NB;2;919900;Stoeterij Duyselshof Bv;Landrop 6;Hoogeloon;22028794;0497 369 715;;;;
2024;5528NC;1;843100;;;;;;;;;
2024;5528NN;2;824200;Stal Burg Bv;Hoogcasteren 3;Hoogeloon;17071100;0497 682 057;;;;
2024;5528NT;1;454000;;;;;;;;;
2024;5531NM;1;994300;;;;;;;;;
2024;5531PJ;1;247960;Spliethof Vof;Het Bosch 4;Bladel;75574241;;;;;
2024;5541NC;2;103900;;;;;;;;;
2024;5556VA;1;164300;;;;;;;;;
2024;5556VB;1;30160;Stal Bax Bv;Maastrichterweg 203;Valkenswaard;17115594;;;;;
2024;5556VC;1;8570;;;;;;;;;
2024;5556VG;1;7760;Oaks Sporthorses Bv;Peedijk 24;Valkenswaard;67398510;;;;;
2024;5556VJ;1;524200;Exell Equestrian Bv;Klein Schaft 5 A;Valkenswaard;61994871;;;;;
2024;5561AR;1;127500;;;;;;;;;
2024;5561TA;1;95300;Team Collins Strijk Vof;Keersop 1;Riethoven;64372197;;;;;
2024;5571TH;1;308400;;;;;;;;;
2024;5571TM;1;273800;;;;;;;;;
2024;5571TR;1;119000;;;;;;;;;
2024;5575CB;1;15000;;;;;;;;;
2024;5575XB;1;635100;;;;;;;;;
2024;5581VX;1;759500;;;;;;;;;
2024;5583TB;1;87100;Paardenhotel Ekenrode;Achtereindsestraat 1 d;Waalre;17087922;;;;;
2024;5591BN;1;878400;Hans Dings Bv;Strabrecht 1;Heeze;17206654;040 226 4857;;;;
2024;5591TA;3;507000;Van Oeffelen Vof;Heezerenbosch 24;Heeze;77241126;;;;;
2024;5591TK;1;130100;;;;;;;;;
2024;5591TZ;1;1183200;RSC Manege Meulendijks;Strabrechtseheideweg 6;;;612708022;;;;
2024;5591VD;1;446400;Paardenrusthuis P Van Der Kruis;Huisvenseweg 2;Heeze;65881354;;;;;
2024;5595GD;1;1377840;;;;;;;;;
2024;5595GK;1;426700;;;;;;;;;
2024;5595XB;1;1253400;Manege de Molenberg;Valkenswaardseweg 29C;;;621871317;;;;
2024;5613BH;1;109000;;;;;;;;;
2024;5613ES;1;955900;Jr Stables;Lakerstraat 32;Eindhoven;55069665;;;;;
2024;5615AT;1;87300;;;;;;;;;
2024;5625GK;1;254300;;;;;;;;;
2024;56332;1;26700;;;;;;;;;
2024;5644BR;1;581000;;;;;;;;;
2024;5644RT;1;1030700;;;;;;;;;
2024;5647LB;1;128500;Stal De Groof;Riel 8 A;Eindhoven;69236992;;;;;
2024;5664EN;1;141000;;;;;;;;;
2024;5673NA;2;741400;;;;;;;;;
2024;5673TZ;1;32000;;;;;;;;;
2024;5674BA;1;321200;;;;;;;;;
2024;5674ND;1;92100;;;;;;;;;
2024;5674NJ;1;26720;;;;;;;;;
2024;5674NM;1;35600;;;;;;;;;
2024;5674NX;1;136600;;;;;;;;;
2024;5674PG;1;294000;Paardenfokkerij Gebroeders Van Rooij;Heerendonk 6;Nuenen;52301966;;;;;
2024;5674RN;1;553200;Pensionstal Roijakkers;Alvershool 7;Nuenen;59014806;;;;;
2024;5674SL;1;161500;;;;;;;;;
2024;5684NT;1;69100;B Spanjers;Kapelweg 40;Best;17252081;;;;;
2024;5684NX;1;475200;;;;;;;;;
2024;5688GV;1;179200;Cwm Van Nunen;Oerlesedijk 2;Oirschot;17074456;;;;;
2024;5688HJ;1;190500;;;;;;;;;
2024;5688JM;1;95900;;;;;;;;;
2024;5688LK;1;75800;;;;;;;;;
2024;5688NC;1;418600;Rooth Vof;Schansstraat 16 B;Oirschot;73775711;;;;;
2024;5691PD;2;1312300;Sonniushof Sport Bv;Sonniuswijk 35;Son en Breugel;50208012;0499 472 133;;;;
2024;5694NP;1;369600;Mjj Van Den Oever Cv;Olen 5;Son en Breugel;62968114;;;;;
2024;5705BP;1;332600;;;;;;;;;
2024;5707LH;1;96900;Maatschap Paardenhouderij De Grote Overbrug;de Grote Overbrug 4;Helmond;63046350;;;;;
2024;5708BC;1;188600;Uniek Sporthorses;Kruisschotseweg 8;Helmond;53040252;;;;;
2024;5708CW;1;381200;Spring En Dressuurstal Hoffmann Bv;Lieshoutseweg 67;Helmond;17200375;;;;;
2024;5708JH;1;629800;Stiphoutse Hoeve;Stiphoutse Dreef 4;Helmond;62333569;;;;;
2024;5709AG;1;348300;Gerrits Recycling Group Bv;Helmondsingel 223;Helmond;17190950;;;;;
2024;5711PV;1;258600;Hoysen Court Stables Bv;Hoijserstraat 12;Someren;17094166;;;;;
2024;5711RG;1;78100;;;;;;;;;
2024;5712GX;1;777500;;;;;;;;;
2024;5712JX;1;320200;Martien Raijmakers;Nederweertseweg 15;Someren;17116855;;;;;
2024;5712PD;1;103000;;;;;;;;;
2024;5712PM;1;37000;;;;;;;;;
2024;5712RC;1;372200;De 4Hoeven;Molenbrugweg 15 a;Someren;61715344;;;;;
2024;5712SE;1;303400;;;;;;;;;
2024;5715RG;1;205500;Anna Hoeve Horses Bv;Kromvenweg 18;Lierop;64966607;;;;;
2024;5721AS;1;107000;;;;;;;;;
2024;5721PB;1;480300;;;;;;;;;
2024;5721PD;1;1121400;;;;;;;;;
2024;5721SR;1;198500;Hpm Aarts;Kloostereind 2;Asten;17245750;;;;;
2024;5721WH;1;305400;;;;;;;;;
2024;5721WK;1;600100;Erika Lickhammer;Hindert 2;Asten;14109063;648206663;;;;
2024;5721WL;1;521400;Stal Heijligers;Laarbroek 5;Asten;17179220;;;;;
2024;5724AK;1;393600;Ponnyfarm De Ombos;Deurneseweg 39;Ommel;17033276;;;;;
2024;5724PG;1;243400;;;;;;;;;
2024;5725AS;1;353000;Stal Van Den Hurk;Antoniusstraat 42;Heusden;68471688;;;;;
2024;5725RG;3;1049440;Elzenburg Oss Bv;Meijelseweg 73;Heusden;17131559;;;;;
2024;5725RH;1;405000;Aan Dn Overkant;Meijelseweg 74;Heusden;61372218;;;;;
2024;5725RK;1;145100;Stoeterij De Peelsprong Bv;Goudplevierweg 6;Heusden;17072781;;;;;
2024;5725RL;1;257700;Koo Arabians;Achtermijterbaan 5;Heusden;61326925;;;;;
2024;5731HD;1;62000;Laiz Sport Horses Bv;Sint Sebastiaanweg 14;Mierlo;77794001;;;;;
2024;5731PD;1;311400;;;;;;;;;
2024;5731PG;2;411800;;;;;;;;;
2024;5731PT;2;920800;Demro Stables Bv;Heezerweg 7;Mierlo;12056954;;;;;
2024;5735PA;1;624120;Pjm Verbakel;Kasteelweg 3;Aarle-Rixtel;17060185;;;;;
2024;5735RD;1;28440;Hengstenhouderij Van Bommel;Lieshoutseweg 70;Aarle-Rixtel;59095121;;;;;
2024;5737PA;1;87800;Stoeterij Swinkels;'t Hof 2;Lieshout;77928482;;;;;
2024;5737RB;1;34500;;;;;;;;;
2024;5738PD;1;264100;;;;;;;;;
2024;5738RG;1;64700;J Corsten Paardenhouderij Bv;Paalberg 3;Mariahout;17076603;;;;;
2024;5741SL;1;568000;Hestegaarden;Peeleindseweg 6;Beek en Donk;77913558;;;;;
2024;5741TD;1;293100;Stal Van Boxmeer;Broekweg 2;Beek en Donk;17248115;;;;;
2024;5752PC;2;161600;;;;;;;;;
2024;5752PD;1;474300;Vof De Kawei;Bakelseweg 53;Deurne;17142711;;;;;
2024;5752PX;1;436300;Stal Knijnenburg Bv;Goorsebergweg 8;Deurne;66709830;;;;;
2024;5752RZ;1;208900;Stal Bankers;Molenhof 1 a;Deurne;67347800;;;;;
2024;5752SC;1;722700;Green Valley Estate;Bruggenseweg 11 A;;;088- 02 24 300;;;;
2024;5753SV;1;251120;;;;;;;;;
2024;5756PB;1;518900;;;;;;;;;
2024;5757PB;1;545500;;;;;;;;;
2024;5757RA;1;174000;;;;;;;;;
2024;5757RC;1;43600;;;;;;;;;
2024;5757RM;1;69000;;;;;;;;;
2024;5757RN;1;328300;A Van Osch;Garst 8;Liessel;61590223;;;;;
2024;5757RP;1;108900;Stal De Lagevoort;Kanaalstraat 16;Liessel;17190709;;;;;
2024;5761PG;1;333400;;;;;;;;;
2024;5761PL;1;93600;Stal Mandy Bankers;Ravensgat 5;Bakel;68096496;;;;;
2024;5761PS;1;247600;;;;;;;;;
2024;5761RG;1;72000;Stal De Westhoeve;Nuijeneind 16;Bakel;65187393;;;;;
2024;5761RH;1;30100;;;;;;;;;
2024;5761RP;1;104200;;;;;;;;;
2024;5763BR;1;265500;;;;;;;;;
2024;5763BT;1;94500;;;;;;;;;
2024;5764RL;1;68100;Dressuurstal Stijn Bruisten;Jodenpeeldreef 8;De Rips;17259154;;;;;
2024;5768PK;1;569500;;;;;;;;;
2024;5768PP;2;388300;;;;;;;;;
2024;5768RP;1;102800;Mts Berben Vissers;Vieruitersten 6;Meijel;14128558;;;;;
2024;5768RT;1;230100;Stal Startebos;Molenbaan 18;Meijel;61784265;;;;;
2024;5801PJ;1;209500;;;;;;;;;
2024;5804AT;1;142000;Mhjm Stiphout;Overloonseweg 99;Venray;52402061;;;;;
2024;5804AV;1;131120;;;;;;;;;
2024;5808AM;1;339600;;;;;;;;;
2024;5809EK;1;230500;;;;;;;;;
2024;5811AW;1;377082;;;;;;;;;
2024;5812AG;1;68500;Bourns Sporthorses Bv;Volen 1 B;Heide;77163974;;;;;
2024;5812AN;1;45800;;;;;;;;;
2024;58135;1;280100;;;;;;;;;
2024;5813AA;1;168600;Hd Equestrian;Deurneseweg 101;Ysselsteyn;74964763;;;;;
2024;5813AB;1;573800;;;;;;;;;
2024;5813AE;1;126600;;;;;;;;;
2024;5813BD;1;337000;;;;;;;;;
2024;5813BE;1;505900;;;;;;;;;
2024;5813BH;1;148600;Diana Kuijten;Rouwkuilenweg 35;Ysselsteyn;70503664;088- 02 24 300;;;;
2024;5814AL;1;61600;;;;;;;;;
2024;5815CA;2;725300;;;;;;;;;
2024;5821AR;1;236300;;;;;;;;;
2024;5821EE;1;388300;;;;;;;;;
2024;58239;1;93900;;;;;;;;;
2024;5823AM;1;30000;;;;;;;;;
2024;58285;1;2281600;;;;;;;;;
2024;58300;1;853700;;;;;;;;;
2024;58313;1;813000;;;;;;;;;
2024;5831JM;1;219000;Maatschap Verberkt Bongarts;Veerstraat 53;Boxmeer;61279269;;;;;
2024;5835BB;1;47500;;;;;;;;;
2024;5836CD;1;243000;;;;;;;;;
2024;5841CC;1;76750;;;;;;;;;
2024;5841CD;1;50500;Maatschap Gaw En Mtj Derks;Gemertseweg 3;Oploo;17268717;;;;;
2024;5841CT;1;57380;;;;;;;;;
2024;5841CZ;1;30000;Fok En Trainingsstal De Brughoeve;Brugstraat 3;Oploo;17203657;;;;;
2024;5844AA;2;229900;Stal Vero;Radioweg 13;Stevensbeek;51980266;;;;;
2024;5844AR;1;349200;Dutch Vip Horses;Mullemsedijk 27;Stevensbeek;72866357;;;;;
2024;58454;1;1732300;;;;;;;;;
2024;5845EJ;2;1027700;;;;;;;;;
2024;5845ET;1;12500;Lomar Horses Bv;Boxmeerseweg 20;Sint Anthonis;75022990;;;;;
2024;5853EM;1;130200;Carbone Sport Horses Vof;Beltweg 2 a;Siebengewald;73733962;;;;;
2024;5854RA;1;408800;Stal7;Parallelweg 7;Bergen L;67386709;;;;;
2024;5855AV;1;1306200;;;;;;;;;
2024;5855EK;1;329200;;;;;;;;;
2024;5856AX;1;355100;Maatschap De Droogstal;Droogstal 6;Wellerlooi;14129563;;;;;
2024;5861AK;1;40000;;;;;;;;;
2024;5861BC;1;546000;;;;;;;;;
2024;5861CT;1;372100;Vof Hengstenhouderij Jos En Trudi Houwen;Postbaan 24 A;Wanssum;12037041;;;;;
2024;5863BE;1;126400;;;;;;;;;
2024;58640;1;896600;;;;;;;;;
2024;5865BA;1;458130;;;;;;;;;
2024;5866AP;1;409600;Brendaris Bv;Boabelweg 10;Swolgen;12031152;;;;;
2024;5866BR;2;1191070;Aniekpoelshorses Bv;Donkstraat 11;Swolgen;63904810;;;;;
2024;5866CG;1;78000;;;;;;;;;
2024;5871CR;1;204000;;;;;;;;;
2024;5872CD;1;131100;;;;;;;;;
2024;59174;1;463200;;;;;;;;;
2024;59192;1;75800;;;;;;;;;
2024;59199;1;86600;;;;;;;;;
2024;59227;1;41800;;;;;;;;;
2024;5925NE;1;85900;;;;;;;;;
2024;59269;1;137200;;;;;;;;;
2024;5926PB;1;147000;Maatschap Keunen Korsten;Berenbroekweg 16;Venlo;14125576;;;;;
2024;5927NP;1;669800;;;;;;;;;
2024;5927NX;1;129000;;;;;;;;;
2024;5927PA;1;43550;;;;;;;;;
2024;5928RL;1;267200;Clear Round Bv;Venrayseweg 354;Venlo;68231563;;;;;
2024;59320;1;189400;;;;;;;;;
2024;59348;1;273100;;;;;;;;;
2024;59368;1;870500;;;;;;;;;
2024;59399;1;285900;;;;;;;;;
2024;5941MX;1;179600;;;;;;;;;
2024;59427;1;2859900;;;;;;;;;
2024;59439;1;277600;;;;;;;;;
2024;5944EL;1;360900;Hans Van Den Berg;Boerenweg 78;Arcen;12035671;;;;;
2024;59494;1;10400;;;;;;;;;
2024;59514;1;29200;;;;;;;;;
2024;5951NH;1;201000;;;;;;;;;
2024;5951NJ;1;1105600;;;;;;;;;
2024;5951NK;1;345000;Stal Melis;Elshoutweg 27;Belfeld;64678229;;;;;
2024;5954PJ;1;67360;;;;;;;;;
2024;5961NE;1;204400;;;;;;;;;
2024;5961PM;1;149600;Brookhorses;Vrouwboomweg 26;Horst;53188462;;;;;
2024;5962NV;1;348900;;;;;;;;;
2024;5964AJ;1;328500;;;;;;;;;
2024;5964ND;1;542700;;;;;;;;;
2024;5964NR;1;324300;Stal Tacken;Kannegietweg 11;Meterik;70576742;;;;;
2024;5964PE;1;474720;;;;;;;;;
2024;5966RL;1;14000;;;;;;;;;
2024;5966RS;1;302500;Mfs Horses Bv;Graafsebosweg 4;America;59960914;;;;;
2024;5971BV;1;140300;;;;;;;;;
2024;5975NT;1;602900;;;;;;;;;
2024;5975NV;1;86300;Kalitera;Kleefsedijk 23;Sevenum;80262074;;;;;
2024;5975NW;1;121500;;;;;;;;;
2024;5975PB;1;167500;Hoeymakers Fruit;Broek 18 a;Sevenum;56382650;;;;;
2024;5975PC;1;293000;;;;;;;;;
2024;5975PN;1;426100;Stal Vestjens Bv;Vinkepas 16;Sevenum;70097488;;;;;
2024;5975PP;2;498800;;;;;;;;;
2024;5975PS;1;309600;;;;;;;;;
2024;5976NL;1;201300;Domino Horses;Peelstraat 30;Kronenberg;72762934;;;;;
2024;5976PL;2;382070;Equestrian Centre De Peelbergen;Travers 5;;;623071155;;;;
2024;5977NE;1;126000;;;;;;;;;
2024;5977NJ;1;267800;If;Drie Kooienweg 9;Evertsoord;75911248;;;;;
2024;5977NM;1;177500;;;;;;;;;
2024;5981NS;1;243700;;;;;;;;;
2024;5981PD;1;141300;;;;;;;;;
2024;5981PK;1;155000;Stal Leisink;Haagveld 13 A;Panningen;56904770;;;;;
2024;5984NV;1;606700;Van Mierlo Handelsstal Vof;De Brentjes 39;Koningslust;12040711;;;;;
2024;5985NC;1;646200;;;;;;;;;
2024;5985NH;1;188700;;;;;;;;;
2024;5987NC;2;599900;Paardenfokkerij Van Der Palen;Roggelseweg 121;Egchel;70892083;;;;;
2024;5987ND;1;415000;Haras Du Buisson;Roggelseweg 138;Egchel;53963679;;;;;
2024;5987NJ;1;409700;;;;;;;;;
2024;5988NT;1;272500;Hgg Wilms;Molenstraat 124;Helden;60751282;;;;;
2024;5991ND;1;367600;Stal Hendrix;Napoleonsbaan Zuid 32;Baarlo;14107583;;;;;
2024;5991NE;1;596860;;;;;;;;;
2024;5993NK;1;327900;De Dijkerhoeve;Sevenumse Dijk 10;Maasbree;58373705;;;;;
2024;5993PB;1;155150;Vof Beekerheide;Lange Heide 10;Maasbree;12022844;;;;;
2024;5993PS;1;118200;;;;;;;;;
2024;5993PX;1;420500;;;;;;;;;
2024;5995BM;1;111800;;;;;;;;;
2024;5995NS;1;384200;;;;;;;;;
2024;5995NT;1;1303700;Hx Breeding 2;Rijksweg 43;Kessel;12058109;;;;;
2024;5995PP;1;31900;Paddock Paradise De Gangelt;Hout 10;Kessel;78407680;;;;;
2024;5995PT;2;351900;;;;;;;;;
2024;5995PX;3;471500;De Ruyter Stables Vof;Keizersbaan 3;Kessel;12040255;;;;;
2024;5995RN;1;36300;;;;;;;;;
2024;6002NB;1;409300;;;;;;;;;
2024;6002SG;1;26100;;;;;;;;;
2024;6002ST;1;177200;;;;;;;;;
2024;6002TB;2;856000;Stal California Cv;Eindhovenseweg 93;Weert;13039199;;;;;
2024;6003NT;2;649200;;;;;;;;;
2024;6003PR;1;525900;VOF PSC Laar;Koenderstraat 1 B;;;0495-533671;;;;
2024;6003PW;2;565200;Hop Horses;Weijerkesweg 5;Weert;72565136;;;;;
2024;6004RC;1;785300;;;;;;;;;
2024;6005NE;1;127000;Husain International Sales Bv;Breijbaan 13;Weert;75945142;;;;;
2024;6005NG;1;213100;;;;;;;;;
2024;6006AD;1;117600;;;;;;;;;
2024;6006NS;1;370300;;;;;;;;;
2024;6006PS;1;365800;Hengstenhouderij Ki Station Dirckx;Dijkerstraat 28 A;Weert;12052495;;;;;
2024;6006PW;1;161800;;;;;;;;;
2024;6006ST;1;351300;;;;;;;;;
2024;6006TA;1;915600;Bridgeside Farms International Bv;IJzerenmanweg 4;Weert;68701780;;;;;
2024;6006VE;1;793100;Heinrichs Gruppe Paarden Opfok Bv;Dijkerpeelweg 14;Weert;74474111;;;;;
2024;6011SK;1;32900;;;;;;;;;
2024;6013RD;1;284800;;;;;;;;;
2024;6013RX;1;249500;;;;;;;;;
2024;6015AX;1;173800;;;;;;;;;
2024;6017BX;1;328200;;;;;;;;;
2024;6021CX;1;6000;;;;;;;;;
2024;6021GN;1;201000;;;;;;;;;
2024;6021PA;1;255200;Stal Leijser;Randweg-Oost 35;Budel;17273197;;;;;
2024;6021SB;1;37500;Stoeterij De Berghoeve;Bergbosweg 38;Budel;17275347;;;;;
2024;6023AJ;1;245900;;;;;;;;;
2024;6026RG;1;2292940;Lac Hoeve;Hugten 19;Maarheeze;77045599;;;;;
2024;6027RH;1;798900;;;;;;;;;
2024;6028RD;1;135600;Verhoeven;Vennenweg 14;Gastel;17275364;;;;;
2024;6029PG;1;384000;Rundveebedrijf Van Middelaar;Peelven 8;Sterksel;17276021;;;;;
2024;6029PS;1;243500;;;;;;;;;
2024;6031AD;1;40440;;;;;;;;;
2024;6031PX;2;1267400;;;;;;;;;
2024;6035AB;2;570300;Stal De Claesstraete;Klaarstraat 34;Ospel;14113313;;;;;
2024;6035BS;1;115500;;;;;;;;;
2024;6035PT;1;339000;;;;;;;;;
2024;6035PV;1;24120;Van Den Broek Springpaarden;Schepengraaf 10 A;Ospel;67535178;;;;;
2024;6035RZ;1;273800;;;;;;;;;
2024;6035SJ;1;111900;;;;;;;;;
2024;6037NM;1;148800;Van Meerwijk Ruitersport;Kempisweg 5;Kelpen-Oler;80262104;;;;;
2024;6037NV;2;274200;;;;;;;;;
2024;6037RH;1;231800;Hhe Reijnen;Zandstraat 8;Kelpen-Oler;14120079;;;;;
2024;6039RK;1;309500;;;;;;;;;
2024;6042KS;1;249200;;;;;;;;;
2024;6042LA;1;111400;;;;;;;;;
2024;6042LR;1;716400;;;;;;;;;
2024;6061AK;1;181100;;;;;;;;;
2024;6067AB;1;16340;;;;;;;;;
2024;6071PD;1;120600;Maatschap T Haesterdt;Wieler 19;Swalmen;14124162;;;;;
2024;6071PR;1;105000;;;;;;;;;
2024;6074AC;1;512700;;;;;;;;;
2024;6074EN;1;120300;;;;;;;;;
2024;6074ES;1;9000;;;;;;;;;
2024;6075NE;1;238000;;;;;;;;;
2024;6086AR;1;233300;Paardencentrum Epona;Kruisstraat 7;Neer;12047344;;;;;
2024;6088AD;1;175500;;;;;;;;;
2024;6088EE;1;91000;;;;;;;;;
2024;6088NN;1;239700;Stal Eijkhof;Strubben 11;Roggel;12064149;;;;;
2024;6088NT;1;848800;Maatschap Sleutels Goltstein;Heldensedijk 12;Roggel;50772686;;;;;
2024;6088PD;1;25760;;;;;;;;;
2024;6093PB;1;231900;;;;;;;;;
2024;6093PC;1;10000;;;;;;;;;
2024;6093PR;1;478100;Stal Le Winne;Scheyvenhofweg 8;Heythuysen;14115231;;;;;
2024;6095ND;1;535600;;;;;;;;;
2024;6095NE;1;405000;;;;;;;;;
2024;6096AR;1;596700;;;;;;;;;
2024;6097AE;1;171400;;;;;;;;;
2024;6097AV;1;74980;;;;;;;;;
2024;6097NK;1;341400;;;;;;;;;
2024;6101EJ;1;113000;;;;;;;;;
2024;6101RA;1;146900;;;;;;;;;
2024;6101XR;1;178900;;;;;;;;;
2024;6101XZ;1;286700;;;;;;;;;
2024;6102RV;1;338600;;;;;;;;;
2024;6104BM;1;25000;Stal Het Koningspaard;Kap Verdonschotstraat 56;Koningsbosch;14074014;;;;;
2024;6104RG;1;567600;;;;;;;;;
2024;6104RT;1;63700;;;;;;;;;
2024;6105AD;2;630660;Atj Vullers;Boekhorstweg 4;Maria Hoop;14111920;;;;;
2024;6105AM;1;1061900;;;;;;;;;
2024;6111AA;1;352700;Maatschap Pex Paulssen;Leenderveldweg 1;Sint Joost;14128359;;;;;
2024;6114AN;1;322400;Hoeve Ijzerenbosch;Aardenweg 31;Susteren;12066436;;;;;
2024;6114JZ;1;96300;;;;;;;;;
2024;6114KE;1;113200;Paardenboerderij Sonhof;Zilstraat 7;Susteren;12059323;;;;;
2024;6114KW;1;288000;;;;;;;;;
2024;6114LB;2;2195100;Mhpr Dohmen;Lange Akkersweg 1;Susteren;14113942;;;;;
2024;6114RE;2;382700;;;;;;;;;
2024;6114RM;1;73600;;;;;;;;;
2024;6116CC;1;60400;;;;;;;;;
2024;6121XK;1;78300;;;;;;;;;
2024;6132AW;1;275900;;;;;;;;;
2024;6132KA;1;33000;;;;;;;;;
2024;6141AW;1;728600;;;;;;;;;
2024;6142BT;1;228200;Wagemans Stables Vof;Fischerpad 2;Einighausen;78176050;;;;;
2024;6153AB;1;288400;;;;;;;;;
2024;6155NM;2;416600;Stoeterij Keldenaar Bv;Keldenaar 4;Puth;69079331;;;;;
2024;6164JL;1;910100;;;;;;;;;
2024;6171XA;1;841400;;;;;;;;;
2024;6191PJ;2;942700;;;;;;;;;
2024;6225NC;1;309900;Firenze Holding;Molenweg 8;Maastricht;72675381;;;;;
2024;6226DL;1;6100;;;;;;;;;
2024;6228XV;1;877000;;;;;;;;;
2024;6235AA;1;467000;Pn Dassio Bv;Genzon 71;Ulestraten;73721891;;;;;
2024;6235AJ;1;107300;;;;;;;;;
2024;6241ND;1;241400;De Meer;Meerstraat 47;Bunde;14101791;;;;;
2024;6241NS;1;34000;;;;;;;;;
2024;6243AG;1;125300;;;;;;;;;
2024;6245AA;1;365600;Stal Kerenshof;Voerstraat 4;Eijsden;76280403;;;;;
2024;6255AJ;1;60300;;;;;;;;;
2024;6255NJ;1;170100;Opfokbedrijf Heuvelland;Bergenhuizen 17;Noorbeek;14125420;;;;;
2024;6255NK;1;310800;Raeven Sporthorses Bv;Bergenhuizen 22;Noorbeek;62444395;;;;;
2024;6262NZ;1;1316500;Maatschap Scheepers Moermans;Grotestraat 5;Banholt;51799812;;;;;
2024;6267AA;1;671700;;;;;;;;;
2024;6267AH;1;132100;Tychon Jl;Rijksweg 102;Cadier en Keer;14629899;;;;;
2024;6268NC;1;185600;Akerdael Bv;Oude Akerstraat 51;Bemelen;66707331;;;;;
2024;6269NG;1;41300;;;;;;;;;
2024;6271NS;1;84300;;;;;;;;;
2024;6281AD;1;107500;;;;;;;;;
2024;6286CJ;1;86800;;;;;;;;;
2024;6291DA;1;220200;;;;;;;;;
2024;6291DB;1;83000;;;;;;;;;
2024;6291NA;1;115400;Paardenstalling Erkens;Wolfhaag 61;Vaals;14119153;;;;;
2024;6291NG;2;371200;;;;;;;;;
2024;6294NC;1;150300;;;;;;;;;
2024;6294NG;1;1107500;Paardenhouderij Smeets;Harles 18;Vijlen;52389928;;;;;
2024;6301PR;1;972200;;;;;;;;;
2024;6325PA;1;165400;;;;;;;;;
2024;6325PB;1;81900;;;;;;;;;
2024;6325PC;1;77800;;;;;;;;;
2024;6325PE;1;32300;;;;;;;;;
2024;6333CB;1;157700;;;;;;;;;
2024;6333ER;1;335700;;;;;;;;;
2024;6336PC;1;1613000;;;;;;;;;
2024;6336TG;1;1173100;Jmej Bemelmans;Wissengrachtweg 45;Hulsberg;73814709;045-4053842;;;;
2024;6336VW;1;992700;;;;;;;;;
2024;6336XZ;1;98000;;;;;;;;;
2024;6343PB;1;308500;;;;;;;;;
2024;6343PH;1;154740;Stal Schaepkens;Retersbekerweg 5;Klimmen;51727811;;;;;
2024;6343PL;1;344100;;;;;;;;;
2024;6351JE;1;48000;;;;;;;;;
2024;6351JL;1;32500;;;;;;;;;
2024;6353AK;1;40800;;;;;;;;;
2024;6361DA;1;102400;Op De Brant;Branterweg 3;Nuth;72037458;;;;;
2024;6361HH;1;378400;;;;;;;;;
2024;6363CB;1;746800;;;;;;;;;
2024;6363CD;1;432400;;;;;;;;;
2024;6365AC;1;384900;;;;;;;;;
2024;6365EA;1;158800;;;;;;;;;
2024;6367AJ;1;124400;;;;;;;;;
2024;6369BK;1;96900;;;;;;;;;
2024;6369TE;2;781500;;;;;;;;;
2024;6371CZ;1;254800;;;;;;;;;
2024;6371GJ;1;12720;;;;;;;;;
2024;6372AP;1;85300;;;;;;;;;
2024;6372VG;1;165700;;;;;;;;;
2024;6372XH;1;1399900;;;;;;;;;
2024;6374CB;1;1377700;;;;;;;;;
2024;6374CT;1;71000;;;;;;;;;
2024;6374ER;1;34000;;;;;;;;;
2024;6374LG;2;1005700;;;;;;;;;
2024;6374XX;1;1102900;Handelsstal T Geet Good;Haanweg 12;Landgraaf;14052977;;;;;
2024;6419PL;1;163500;;;;;;;;;
2024;6431EZ;1;223100;;;;;;;;;
2024;6433KG;1;17100;;;;;;;;;
2024;6438AE;2;1145800;;;;;;;;;
2024;6438BK;1;89400;;;;;;;;;
2024;6438GE;1;193300;;;;;;;;;
2024;6438HA;1;213000;De Ierse Tinker;Oirsbekerweg 55;Oirsbeek;14073791;;;;;
2024;6439AD;1;1333700;Maatschap Mhjm Bergmans;Maastrichterweg 2;Doenrade;70948496;;;;;
2024;6441JA;1;313700;;;;;;;;;
2024;6441LG;1;3188600;P G Reumkens Vof;Akkerweg 5 A;Brunssum;14077013;;;;;
2024;6447BV;1;436400;;;;;;;;;
2024;6447CJ;1;256200;;;;;;;;;
2024;6447CL;1;167200;;;;;;;;;
2024;6451AG;1;462300;;;;;;;;;
2024;6451BX;1;626100;;;;;;;;;
2024;6451BZ;1;364200;;;;;;;;;
2024;6451CH;1;112200;;;;;;;;;
2024;6451PA;1;196800;;;;;;;;;
2024;6451PR;1;132400;;;;;;;;;
2024;6456AP;1;48000;Anouk Lambrichts;Eindstraat 19;Bingelrade;54451183;;;;;
2024;6464GM;1;273200;;;;;;;;;
2024;6465AC;1;1223900;;;;;;;;;
2024;6466GC;1;152400;;;;;;;;;
2024;6534AP;1;108000;;;;;;;;;
2024;6542SX;1;41000;;;;;;;;;
2024;6551ZE;1;15000;;;;;;;;;
2024;6561KP;1;257400;;;;;;;;;
2024;6561KS;1;316900;7 Hills Cv;Oude Kleefsebaan 164;Groesbeek;9206141;;;;;
2024;6561KV;1;479800;Lagewald;Lagewald 13;Groesbeek;9203781;;;;;
2024;6562DM;1;26200;;;;;;;;;
2024;6562KC;1;692200;Stal Klein Amerika;Klein Amerika 1;;;31642116135;;;;
2024;6562KK;1;170400;;;;;;;;;
2024;6562LS;1;470000;;;;;;;;;
2024;6571CH;2;683500;;;;;;;;;
2024;6571CK;1;9000;;;;;;;;;
2024;6573AZ;1;59500;Stal Ebbers Vof;Alde Weteringweg 2;Beek;10147869;;;;;
2024;6581ED;1;644600;Stal Theunissen;Rijksweg 23;Malden;70715602;;;;;
2024;6582BB;1;287500;Stal Noyco;Looistraat 63;Heumen;9178106;;;;;
2024;6582BR;1;780100;PSC De Veerkracht;Vosseneindseweg 52;;;024-3581386;;;;
2024;6585KP;1;611600;Rs Dressage Center De Horst;Bracamonteweg 51;Mook;58093362;;;;;
2024;6585XG;1;143300;;;;;;;;;
2024;6595MB;1;854100;;;;;;;;;
2024;6595MG;1;208900;;;;;;;;;
2024;6595MK;1;245500;Stal Van Dijk Bv;Moerasweg 6;Ottersum;12031246;;;;;
2024;6596MA;1;687040;;;;;;;;;
2024;6596MB;1;476600;;;;;;;;;
2024;6598AE;1;234000;Dressuurstal Deenen Vof;Hoofdstraat 44 a;Heijen;76874583;;;;;
2024;6598MC;2;551900;Beco Horses Vof;Hommersumseweg 57;Heijen;66614546;;;;;
2024;6601PB;2;528000;;;;;;;;;
2024;6603KD;1;134500;;;;;;;;;
2024;6603KN;1;453500;;;;;;;;;
2024;6603KS;1;41000;;;;;;;;;
2024;6603KT;1;806200;RSC Sint Frans;Heumenseweg 192;;;024-6412218;;;;
2024;6603KW;1;73200;;;;;;;;;
2024;6603LM;1;307700;;;;;;;;;
2024;6604BH;1;36000;;;;;;;;;
2024;6604KE;1;64700;;;;;;;;;
2024;6604KG;1;71000;;;;;;;;;
2024;6611AD;1;282000;C A T Kouwenberg;Rotsestraat 4;Overasselt;50857266;;;;;
2024;6611AM;1;30800;;;;;;;;;
2024;6611KJ;1;83800;;;;;;;;;
2024;6611KR;1;507400;Stal Formidabel;Heegseveldweg 1;Overasselt;9112980;;;;;
2024;6611KS;1;297800;Hoefsmederij Jacobs;Garstkampsestraat 6;Overasselt;10142652;;;;;
2024;6615AK;1;870800;;;;;;;;;
2024;6615AP;1;65000;;;;;;;;;
2024;6616AA;1;149300;Am Rising Star Ranch;Diepestraat 4;Hernen;9181094;;;;;
2024;6616AC;1;205300;;;;;;;;;
2024;6617AK;1;294100;;;;;;;;;
2024;6617AZ;2;158400;;;;;;;;;
2024;6617KH;1;15800;;;;;;;;;
2024;6621BR;1;634500;;;;;;;;;
2024;6621KL;1;34900;Op Stal 128 Bv;van Heemstraweg 128;Dreumel;78284880;;;;;
2024;6624KJ;1;852000;Hengstenstation Van Uytert Bv;van Heemstraweg 6;Heerewaarden;56863632;;;;;
2024;6628AG;1;11000;;;;;;;;;
2024;6631BK;1;25000;;;;;;;;;
2024;6631KC;1;473000;Stal Van Beijnum;Ulandsestraat 1;Horssen;30268735;;;;;
2024;6631KJ;1;314400;Hengstenhouderij Dibbits;Molenweg 20;Horssen;30255790;;;;;
2024;6631KW;1;4000;;;;;;;;;
2024;6634KC;1;21000;;;;;;;;;
2024;6634KH;1;320000;;;;;;;;;
2024;6641KZ;1;16462900;;;;;;;;;
2024;6644AD;1;283500;;;;;;;;;
2024;6644KJ;1;4000;;;;;;;;;
2024;6644KP;1;14000;;;;;;;;;
2024;6644KR;2;541900;Smc Bloem;Ficarystraat 5;Ewijk;9204785;;;;;
2024;6653CG;1;44000;;;;;;;;;
2024;6655KB;1;211200;Mts Hgam Ten Doeschate En Rahm Ten Doeschate;Kerkstraat 26;Puiflijk;56442637;;;;;
2024;6657AA;1;290300;Franssen Boven Leeuwen Beheer Bv;Kampsestraat 25;Boven-Leeuwen;10019449;;;;;
2024;6657AE;1;169400;;;;;;;;;
2024;6659KE;1;95000;;;;;;;;;
2024;6661KE;1;564900;;;;;;;;;
2024;6661NB;1;19500;;;;;;;;;
2024;6661ND;1;107100;Stoeterij Koningsland;Snodenhoeksestraat 19;Elst;9057855;;;;;
2024;6661NG;1;64000;;;;;;;;;
2024;6661NK;1;138000;;;;;;;;;
2024;6661NN;1;293000;;;;;;;;;
2024;6661NP;1;36000;;;;;;;;;
2024;6661NR;1;810700;;;;;;;;;
2024;6661NS;2;207500;F Doezejager;Kerkstraat 6;Elst;9193702;;;;;
2024;6662NP;2;92400;G Groeneveld;Breedlersestraat 10;Elst;62221795;;;;;
2024;6663KC;1;24000;;;;;;;;;
2024;6665LL;1;605400;E Ten Bosch;Vogelenzangsestraat 10;Driel;63778505;;;;;
2024;6666AE;1;513400;;;;;;;;;
2024;6666GA;1;561400;Stoeterij Airborne;Boterhoeksestraat 54;Heteren;71004971;;;;;
2024;6666LA;1;403300;Stal Darwin;Uilenburgsestraat 29;Heteren;9041231;;;;;
2024;6668AT;1;75000;;;;;;;;;
2024;6671DH;1;41500;;;;;;;;;
2024;6672MC;1;51600;;;;;;;;;
2024;6674MB;1;53700;;;;;;;;;
2024;6674MH;1;1500;;;;;;;;;
2024;6678PA;1;88000;;;;;;;;;
2024;6681DX;1;132300;Stoeterij Buitenzorg;Ressensestraat 7;Bemmel;62887424;;;;;
2024;6681VX;1;391500;;;;;;;;;
2024;6687AT;1;149700;Stal Cunera;Kampsestraat 61;Angeren;80219616;;;;;
2024;6687LD;1;2506300;;;;;;;;;
2024;6687LS;2;48500;;;;;;;;;
2024;6687LT;2;90700;;;;;;;;;
2024;6691ES;2;303900;;;;;;;;;
2024;6691EV;1;244500;;;;;;;;;
2024;6691GE;1;15500;;;;;;;;;
2024;6691JJ;1;28400;;;;;;;;;
2024;6691MG;1;69000;;;;;;;;;
2024;6704AN;1;192600;;;;;;;;;
2024;6704PA;1;150000;;;;;;;;;
2024;6717XA;1;80880;;;;;;;;;
2024;6718NG;1;1386300;Stoeterij Van Kleef Bv;Maanderdijk 28;Ede;70072876;;;;;
2024;6718PC;1;428900;;;;;;;;;
2024;6718PG;1;907600;Hengstenstation Gebr Van Manen Bv;Zuiderkade 41;Ede;72005335;;;;;
2024;6718SB;1;338000;The Mill Ranch;Apeldoornseweg 9;Ede;9076999;;;;;
2024;6718SH;1;960700;Oscarhoeve;Deelweg 20;Ede;9137189;;;;;
2024;6718ST;1;94000;;;;;;;;;
2024;6718TJ;1;86700;;;;;;;;;
2024;6718TZ;1;378000;Joel Agrarische Dienstverlening;Nieuwesteeg 2 A;Ede;78751519;;;;;
2024;6718VD;1;229200;Dressuurstal Bart Bax;Schampsteeg 2;Ede;71745041;;;;;
2024;6718WC;1;358200;;;;;;;;;
2024;6718WH;1;113380;;;;;;;;;
2024;6721ML;1;73300;;;;;;;;;
2024;6721MV;1;450900;;;;;;;;;
2024;6721MX;1;257700;;;;;;;;;
2024;6721NA;1;237800;Curly Paarden In Het Veld;Zwartesteeg 1;Bennekom;62145177;;;;;
2024;6721NC;1;15000;;;;;;;;;
2024;6721NH;1;121800;Pensionstal Roosendaal;Harnsesteeg 12 12a;Bennekom;9211715;;;;;
2024;6731BV;1;483000;;;;;;;;;
2024;6731SC;2;747500;Stal Welgelegen Otterlo;Apeldoornseweg 200 A;Otterlo;70170053;;;;;
2024;6732AS;1;466800;;;;;;;;;
2024;6732DG;1;567800;Resim Facilitair Paarden Centrum Bv;Laarweg 15;Harskamp;54605970;;;;;
2024;6732GC;1;283600;Lindenburg Sport Horses;Pijnenburgweg 12;Harskamp;53364775;;;;;
2024;6732GL;1;160500;Gj Kampert;Blaakweg 18;Harskamp;67370888;;;;;
2024;6732GR;1;567300;A Hendrikse;Westenengerdijk 44;Harskamp;9194620;;;;;
2024;6733JB;1;32500;Stoeterij Zandvliet Cv;Koperensteeg 20;Wekerom;9103897;;;;;
2024;6741EC;1;1805940;De Nieuwe Heuvel Bv;Veenstraat 1;Lunteren;9153721;;;;;
2024;6741GR;1;97500;;;;;;;;;
2024;6741GV;1;154000;;;;;;;;;
2024;6741HE;1;260800;;;;;;;;;
2024;6741HH;1;496500;Henk Delen Wagenbouwtraining;Veldhuizerweg 10 a;Lunteren;9215041;;;;;
2024;6741HN;1;109760;;;;;;;;;
2024;6741HP;3;871300;Stal Beiten;Meulunterseweg 66;Lunteren;78101441;;;;;
2024;6741JL;1;151920;;;;;;;;;
2024;6741KN;1;187800;;;;;;;;;
2024;6741KP;1;860700;Kabeko Doors;Immenweg 12;Lunteren;8225399;;;;;
2024;6741LD;1;245200;Buitenlust Paardentraining;Bisschopweg 83;Lunteren;74253875;;;;;
2024;6741LH;1;147600;;;;;;;;;
2024;6741PB;2;639800;;;;;;;;;
2024;6741PG;1;499200;;;;;;;;;
2024;6741PL;1;94900;;;;;;;;;
2024;6744PJ;1;669000;Rancho Di Cabai;Poelweg 7;Ederveen;77694163;;;;;
2024;6744TB;1;373200;;;;;;;;;
2024;6816RW;1;607600;;;;;;;;;
2024;6816SJ;1;672500;;;;;;;;;
2024;6816VA;1;127530;;;;;;;;;
2024;6816VS;1;283370;;;;;;;;;
2024;6836AA;1;153000;;;;;;;;;
2024;6836AB;1;240000;;;;;;;;;
2024;6836AG;1;333900;;;;;;;;;
2024;6851DK;1;387000;Ruitersportcentrum Huissen;Karstraat 34 b;Huissen;65772199;;;;;
2024;6861AH;1;154900;;;;;;;;;
2024;6862BH;1;584000;Glock Hpc Nl Bv;van Borsselenweg 39;Oosterbeek;54269288;;;;;
2024;6865NA;1;1211300;;;;;;;;;
2024;6865ND;1;276300;;;;;;;;;
2024;6866NL;1;267000;;;;;;;;;
2024;6866NM;2;47500;;;;;;;;;
2024;6871NJ;1;52000;;;;;;;;;
2024;6871NR;1;448000;;;;;;;;;
2024;6874BT;1;1371900;;;;;;;;;
2024;6903PE;1;394300;;;;;;;;;
2024;6905BA;1;726300;;;;;;;;;
2024;6905CE;1;73500;;;;;;;;;
2024;6909BL;1;934700;;;;;;;;;
2024;6911KM;1;827000;Mam Bouwmanwgpm Bouwman Peek;de Berghoofdseweg 4;Pannerden;9211980;;;;;
2024;6914KJ;1;192000;Camping De Boschhof;Polderdijk 2 a;Herwen;9162338;;;;;
2024;6914KK;1;45400;;;;;;;;;
2024;6921PM;1;18620;;;;;;;;;
2024;6923CB;1;55600;Shetlandpony Fokkerij Stal Nieuw Vredenburg;Lijkweg 23;Groessen;76381293;;;;;
2024;6923CC;1;301300;;;;;;;;;
2024;6924AB;1;333100;Stal Hendriks Duiven Nv;Loostraat 1 a;Loo Gld;65391497;;;;;
2024;6931AE;1;563400;Agrarisch Bedrijf V Bus;IJsseldijk 90;Westervoort;9192068;;;;;
2024;6941RB;1;312700;;;;;;;;;
2024;6941SK;1;655000;;;;;;;;;
2024;6942JC;1;222600;;;;;;;;;
2024;6942JK;1;29000;;;;;;;;;
2024;6942PP;1;68500;;;;;;;;;
2024;6942PT;1;41480;;;;;;;;;
2024;6952ET;1;13000;;;;;;;;;
2024;6956CG;1;12500;;;;;;;;;
2024;6957DE;1;256700;;;;;;;;;
2024;6957DJ;1;253500;;;;;;;;;
2024;6961RA;2;188600;Gsw Te Bokkel;Soerense Zand Zuid 5;Eerbeek;63449889;;;;;
2024;6971JS;1;290000;;;;;;;;;
2024;6988BS;1;799600;;;;;;;;;
2024;6991JN;1;516300;Stal De Kruishorst Bv;Brinkweg 3;Rheden;10038115;;;;;
2024;6991JP;1;60000;;;;;;;;;
2024;6994JD;2;750500;;;;;;;;;
2024;6998CC;1;81500;Stal Vonders;Eldrikseweg 1;Laag-Keppel;52480909;;;;;
2024;6999DT;1;128800;;;;;;;;;
2024;6999EB;1;416500;;;;;;;;;
2024;7002CP;1;471000;Dutch Sporthorses;Bevrijdingsstraat 92;Doetinchem;9153487;;;;;
2024;7004HL;1;95400;;;;;;;;;
2024;7004JB;1;263400;;;;;;;;;
2024;7021KC;1;232100;;;;;;;;;
2024;7021LT;1;356900;;;;;;;;;
2024;7031EG;1;220640;Bjh Derksen;Kelderweg 2;Wehl;9203996;;;;;
2024;7031HS;1;135100;;;;;;;;;
2024;7036AB;1;30700;;;;;;;;;
2024;7036AC;1;32300;;;;;;;;;
2024;7037BG;1;90000;;;;;;;;;
2024;7037CN;1;40700;;;;;;;;;
2024;7037DA;2;317400;;;;;;;;;
2024;7038EM;1;113800;;;;;;;;;
2024;7039CC;1;52800;;;;;;;;;
2024;7039CK;1;238900;Stal De Pluum;Camphuysenweg 2;Stokkum;56079125;;;;;
2024;7047CB;1;403500;;;;;;;;;
2024;7054AL;1;227120;;;;;;;;;
2024;7054AV;1;56780;;;;;;;;;
2024;7055AM;1;282700;;;;;;;;;
2024;7055BT;1;179100;;;;;;;;;
2024;7064KG;1;89100;;;;;;;;;
2024;7064LA;1;62400;;;;;;;;;
2024;7075DK;1;427500;;;;;;;;;
2024;7075DS;1;14000;Hengstenhouderij Van Keulen;Bluemerstraat 4;Etten;9172780;;;;;
2024;7075EL;1;262300;Eurobred Horses;Warmseweg 13;Etten;64010082;;;;;
2024;7075EP;1;108830;Stoeterij De Wiellijksche Stede;Warmseweg 5;Etten;73483486;;;;;
2024;7081AA;1;510700;The Horse Store;Ulftseweg 4 A;Gendringen;9147142;;;;;
2024;7081HM;1;10000;Stal Van Ravesteijn;Miltseweg 5;Gendringen;71574573;;;;;
2024;7083AN;1;247400;;;;;;;;;
2024;7101PA;1;1992940;Paardenopfokbedrijf Wim Ten Pas;Bataafseweg 8;Winterswijk;69709017;;;;;
2024;7104GM;1;41900;;;;;;;;;
2024;7105CC;1;6000;;;;;;;;;
2024;7107AZ;1;14000;Hj Te Brummelstroete;Pillenweg 3;Winterswijk Kotten;9213441;;;;;
2024;7109BB;1;140000;;;;;;;;;
2024;7109BS;1;738050;Paardenopfokstal Familie Dekkers;Smeenkstegge 9;Winterswijk Miste;55731228;;;;;
2024;7109CB;1;30000;;;;;;;;;
2024;7119AA;1;45000;Stal Hietbrink;Corleseweg 47;Winterswijk Corle;9186223;;;;;
2024;7121KC;1;270060;;;;;;;;;
2024;7122JX;1;177240;;;;;;;;;
2024;7122KC;1;359440;Stal Drenthel;Huisstededijk 5;Aalten;53366107;;;;;
2024;7122RP;1;83280;;;;;;;;;
2024;7135JB;1;76380;;;;;;;;;
2024;7135JC;1;263500;;;;;;;;;
2024;7135KK;1;82900;;;;;;;;;
2024;7136KN;1;619800;Mp Olthof Horses Bv;Grensweg 8;Zieuwent;68715854;;;;;
2024;7136LC;1;56320;L Ponds;Zieuwentseweg 48;Zieuwent;50926268;;;;;
2024;7137HD;1;51300;;;;;;;;;
2024;7141HE;1;671520;Jwh Huurneman;Oude Winterswijkseweg 46;Groenlo;9222269;;;;;
2024;7151HA;2;1004020;Lhbm Beusink;Molenweg 20;Eibergen;9213870;;;;;
2024;7151HR;1;178000;;;;;;;;;
2024;7157BB;1;45000;;;;;;;;;
2024;7161ML;1;184320;;;;;;;;;
2024;7161RH;1;353500;Pensionstal En Trainingsstal Hermelink;Kempersdijk 52;Neede;9180790;;;;;
2024;7207DG;2;182620;;;;;;;;;
2024;7211LR;1;96000;;;;;;;;;
2024;7211MH;1;155500;H De Jong;Harfsense Steeg 7;Eefde;5051612;;;;;
2024;7213LT;1;259000;Stal De Prins;Flierderweg 11;Gorssel;59107529;;;;;
2024;7216PP;1;243000;;;;;;;;;
2024;7216PT;1;379200;;;;;;;;;
2024;7218NM;1;139900;;;;;;;;;
2024;7241RL;1;133000;;;;;;;;;
2024;7241SC;1;268100;;;;;;;;;
2024;7244NA;1;907000;;;;;;;;;
2024;7245NE;1;40000;Stal Saaltink;Molendijk 12;Laren;57941963;;;;;
2024;7245VW;1;1452300;Mvh Ruitersport;Verwoldseweg 29;Laren;76671992;;;;;
2024;7251LW;1;138300;Dekstation Nieuwmoed;Ruurloseweg 96;Vorden;8049805;;;;;
2024;7251NA;1;208900;;;;;;;;;
2024;7255JZ;1;46500;Hoeve De Hooghekamp;Hogenkampweg 40;Hengelo (Gld);52263231;;;;;
2024;7255LW;1;129000;;;;;;;;;
2024;7255NN;1;220200;;;;;;;;;
2024;7255PM;1;639600;;;;;;;;;
2024;7261MX;1;31200;Brennerhoeve;'t Langenbarg 3;Ruurlo;9189565;;;;;
2024;7261SK;1;359770;Paardenpension T Arve;Koedijk 3;Ruurlo;9221832;;;;;
2024;7271SM;1;12000;Stal Cupido;Barchemseweg 30;Borculo;57420793;;;;;
2024;7274DP;1;101000;;;;;;;;;
2024;7274EG;1;1883200;Team Nijhof;Kulsdom 9;Geesteren;76925595;;;;;
2024;7274EM;1;827600;;;;;;;;;
2024;7275AE;1;96800;;;;;;;;;
2024;7275AR;1;129240;;;;;;;;;
2024;7275AV;1;339600;;;;;;;;;
2024;7275BH;1;528500;;;;;;;;;
2024;7325WR;1;148600;;;;;;;;;
2024;7331CJ;1;16000;;;;;;;;;
2024;7333NM;1;156400;;;;;;;;;
2024;7339GT;1;268300;;;;;;;;;
2024;7341PN;1;732100;Manege Pothoven;Broeklanderweg 91;Beemte Broekland;73539988;;;;;
2024;7341PT;1;291500;;;;;;;;;
2024;7345AC;1;72300;;;;;;;;;
2024;7345CK;1;248400;Vof Stal Sprengenhorst;Wieselse Kampweg 62 A;Wenum Wiesel;8027268;;;;;
2024;7345CM;1;92500;;;;;;;;;
2024;7345CN;1;30800;;;;;;;;;
2024;7345CR;1;287200;De Ploeg Wiessel;Greutelseweg 61;Wenum Wiesel;8193996;;;;;
2024;7345DZ;1;400400;Dresspring Bv;Kanaweg 21 A;Wenum Wiesel;8054132;;;;;
2024;7345EE;1;90300;;;;;;;;;
2024;7351AW;1;373000;;;;;;;;;
2024;7361CH;1;24000;;;;;;;;;
2024;7361CR;1;32000;;;;;;;;;
2024;7361CT;1;47500;;;;;;;;;
2024;7361CW;1;30000;;;;;;;;;
2024;7361CX;1;536500;Riant Equestrian Centre;Bruggelerweg 4;;;055-5061230;;;;
2024;7364AA;1;273400;Hollander Horses Bv;Wolfskuilen 36;Lieren;72094095;;;;;
2024;7364CA;1;474300;;;;;;;;;
2024;7371AA;1;102100;;;;;;;;;
2024;7371DE;1;36000;;;;;;;;;
2024;7381AG;1;32400;;;;;;;;;
2024;7382SB;2;481000;Em Boom;Oude Zutphenseweg 5;Klarenbeek;8203181;;;;;
2024;7384CT;1;779000;;;;;;;;;
2024;7384SL;1;17100;Stoeterij Beltmanshoeve;Heeringstraat 4;Wilp;54468493;;;;;
2024;7384SR;1;372300;Stal Bruin;Achterhoekseweg 8;Wilp;68323581;;;;;
2024;7395SE;1;559400;Het Hoefhof;Woudweg 10 B;Teuge;69358923;;;;;
2024;7396NL;1;365500;;;;;;;;;
2024;7431PE;1;591200;;;;;;;;;
2024;7433RT;1;72000;Aj Slot;Kranekampsweg 2;Schalkhaar;8198426;;;;;
2024;7434PM;1;408400;;;;;;;;;
2024;7434RG;1;227820;;;;;;;;;
2024;7434RH;1;649600;Stal De Borgelink;Borgelinksweg 2;Lettele;8212749;;;;;
2024;7435PB;1;76900;;;;;;;;;
2024;7437PJ;1;27000;;;;;;;;;
2024;7443SP;1;59760;;;;;;;;;
2024;7447RN;1;572100;;;;;;;;;
2024;7447RP;1;619600;;;;;;;;;
2024;7447SP;1;77460;;;;;;;;;
2024;7448 RR;1;61690;;;;;;;;;
2024;7448RN;1;420500;Stal De Ruuter;Almeloseweg 30;Haarle;8160355;;;;;
2024;7448RR;1;361250;;;;;;;;;
2024;7448RT;1;192800;;;;;;;;;
2024;7451CK;1;170700;;;;;;;;;
2024;7451LP;1;340700;Ha Nikkels;Boerendanssteeg 27 W;Holten;8206714;;;;;
2024;7451LZ;1;234000;;;;;;;;;
2024;7451MC;1;20000;;;;;;;;;
2024;7451SC;1;221000;;;;;;;;;
2024;7451SN;1;15000;;;;;;;;;
2024;7461PN;1;819000;;;;;;;;;
2024;7468RP;1;272500;;;;;;;;;
2024;7468RV;1;304200;;;;;;;;;
2024;7475RV;1;1141800;;;;;;;;;
2024;7475SZ;1;246600;;;;;;;;;
2024;7475TK;1;320500;;;;;;;;;
2024;7481PB;1;68800;Hanenberghoeve;Hanenbergweg 45;Haaksbergen;6058457;;;;;
2024;7481PX;1;20000;;;;;;;;;
2024;7481VL;1;660300;;;;;;;;;
2024;7482MA;1;652200;;;;;;;;;
2024;7482RN;1;238000;;;;;;;;;
2024;7482SB;1;340100;;;;;;;;;
2024;7495PE;1;630000;Gba Te Koppele;Schoneveldsweg 11;Ambt Delden;8203240;;;;;
2024;7495TV;1;176400;;;;;;;;;
2024;7511BC;1;247200;;;;;;;;;
2024;7522AK;1;123300;;;;;;;;;
2024;7522PG;1;481000;;;;;;;;;
2024;7524PT;1;264500;;;;;;;;;
2024;7536PE;1;542600;Holzikstables;Allemansveldweg 150;Enschede;71465588;;;;;
2024;7546PR;1;423100;Erve Rutbeek;Rutbeekweg 65;Enschede;8118550;;;;;
2024;7546RM;1;236380;Manege De Hoefslag;Helmerhoekweg 9;;;615510432;;;;
2024;7548PB;1;7640;I Mosman;Haaksbergerstraat 843;Enschede;61797057;;;;;
2024;7552PG;1;366680;Vof Stal Pegge;Korte Smienkweg 16;Hengelo;8203924;;;;;
2024;7554PG;1;41500;De Tukkerij;Sluitersdijk 42;Hengelo;61956899;;;;;
2024;7554PR;1;463500;Pensionstal Scholten;Kerkpad 8;Hengelo;8183071;;;;;
2024;7554RR;1;135300;;;;;;;;;
2024;7559PR;1;324600;;;;;;;;;
2024;7561SJ;1;20660;;;;;;;;;
2024;7574VB;1;148900;;;;;;;;;
2024;7586RB;1;42600;Berkelroos;Invalsweg 17;Overdinkel;6083385;;;;;
2024;7586RR;1;30620;Handelstal De Saandkaamp;Strootsweg 4;Overdinkel;57702241;;;;;
2024;7587LC;1;75280;Pia Luise Aufrecht Bv;Beuningerstraat 19;de Lutte;8202894;;;;;
2024;7587LL;1;10000;Maatschap Morsink;Hanhofweg 18;de Lutte;8222282;;;;;
2024;7587ND;1;211700;;;;;;;;;
2024;7588PB;1;101820;Maatschap Wigger;Hassinkhofweg 1;Beuningen;8222141;;;;;
2024;7588RE;1;94000;;;;;;;;;
2024;7591NB;1;599600;De Dinkel Hoeve;Stroothuizerweg 30;Denekamp;8112393;;;;;
2024;7591NE;1;71416;;;;;;;;;
2024;7595KH;1;63000;Hengstenhouderij Borghuis;Beekdorpweg 18;Weerselo;71200517;;;;;
2024;7595MK;1;294000;Hengstenhouderij Nijenkamp;Hilbertweg 5;Weerselo;8201551;;;;;
2024;7601PC;1;16100;;;;;;;;;
2024;7602CH;1;13220;;;;;;;;;
2024;7609ZS;1;30820;;;;;;;;;
2024;7615PK;1;142700;Hagenvoort Sporthorses;Klösseweg 2;Harbrinkhoek;67686753;;;;;
2024;7635NA;1;3548600;Stal T Hofstee;Dorpsstraat 9;Lattrop-Breklenkamp;8100355;;;;;
2024;7635NK;1;230920;De Schuurmanhoeve;Frensdorferweg 36;Lattrop-Breklenkamp;66943841;;;;;
2024;7637PB;1;17000;Bonke Vof;Laagsestraat 38;Oud Ootmarsum;60049138;;;;;
2024;7637PD;1;280200;De Wiemselbach;de Mors 69;Oud Ootmarsum;8119652;;;;;
2024;7642NT;2;660990;Vof Combinatie Wesselsvetker;Ypeloweg 43;Wierden;6067353;;;;;
2024;7651LC;1;68320;Stal Luttikhuis Vof;Denekamperweg 79;Tubbergen;78385970;;;;;
2024;7661RP;1;230700;;;;;;;;;
2024;7663TE;1;1153600;Stal Denink;Uelserweg 162;Mander;52336735;;;;;
2024;7665SV;1;16000;;;;;;;;;
2024;7665TN;1;404700;John Kemna Installatietechniek;Zenderseweg 80;Albergen;8133029;;;;;
2024;7671RL;1;140100;;;;;;;;;
2024;7678AT;1;38240;;;;;;;;;
2024;7678SC;1;50380;;;;;;;;;
2024;7678TA;1;428080;;;;;;;;;
2024;7683AZ;2;1624900;Fred Van Straaten Sport Stables;Ommerweg 74;Den Ham;63446030;;;;;
2024;7683PT;1;665600;Maatschap M Dubbink En H Dubbink Blekkenhorst;Linderweg 11;Den Ham;8218387;;;;;
2024;7683RA;1;511400;;;;;;;;;
2024;7683SN;1;175800;;;;;;;;;
2024;7688PV;1;105090;;;;;;;;;
2024;7688RA;1;126000;Stal Westerd;Esweg 17 b;Daarle;8193410;;;;;
2024;7691PE;1;147460;;;;;;;;;
2024;7691PH;1;177400;Gebr Nijmeijer Vof;Brinkweg 8;Bergentheim;5047975;;;;;
2024;7701BG;1;117100;;;;;;;;;
2024;7701PB;1;121500;;;;;;;;;
2024;7707PP;1;686500;;;;;;;;;
2024;7711BN;1;158800;Fokkerij Handelsstal Ruitenberg;Oosterveen 35;Nieuwleusen;8169096;;;;;
2024;7715RD;3;706860;W Harke;Domineesakker 22;Punthorst;8223258;;;;;
2024;7722HW;1;38480;Nanning Stables Bv;Hammerweg 3;Dalfsen;69199779;;;;;
2024;7722PD;1;67000;;;;;;;;;
2024;7722PZ;1;47800;;;;;;;;;
2024;7722SG;1;88720;;;;;;;;;
2024;7722SM;1;446200;;;;;;;;;
2024;7722SP;1;1869700;Stal De Ontginning;Hessenweg 40;Dalfsen;65353560;0529-471264;;;;
2024;7722TW;2;665680;Vof De Vlaake;Veldweg 3;Dalfsen;61524921;;;;;
2024;7731PB;1;174300;;;;;;;;;
2024;7731PX;1;214400;;;;;;;;;
2024;7737PD;1;468700;Kerimaa Sporthorses;Ondersloot Zuid 2;Stegeren;77328914;;;;;
2024;7737PG;1;255500;;;;;;;;;
2024;7738PJ;1;430060;;;;;;;;;
2024;7738PS;1;248700;Stal Dijk Priemis;Maatschappijwijk 2;Witharen;70572488;;;;;
2024;7739PE;1;24240;;;;;;;;;
2024;7741NC;1;124140;;;;;;;;;
2024;7751AM;1;258880;;;;;;;;;
2024;7751NM;1;162000;;;;;;;;;
2024;7751ZS;1;170000;Stalhouderij De Vliers;Vliers 11;Dalen;4065805;;;;;
2024;7755NG;1;812400;;;;;;;;;
2024;7761AG;1;131940;Team Holties;Europaweg 18;Schoonebeek;61509833;;;;;
2024;7776RW;1;517220;;;;;;;;;
2024;7776SE;1;71640;;;;;;;;;
2024;7776SN;1;341300;;;;;;;;;
2024;7777SB;1;73200;;;;;;;;;
2024;7784CG;1;198160;;;;;;;;;
2024;7793HM;1;680200;Veehouderij Ramaker Vof;Hoogenweg 46;Hoogenweg;69791384;;;;;
2024;7796HR;1;318600;Vof Stoeten;Ommerweg 7 /7A;Heemserveen;5069454;;;;;
2024;7797RD;1;137960;;;;;;;;;
2024;7812BM;1;214840;;;;;;;;;
2024;7814TA;1;597200;;;;;;;;;
2024;7814TD;1;1847100;;;;;;;;;
2024;7824RW;1;227498;;;;;;;;;
2024;7841BP;1;330460;;;;;;;;;
2024;7844NW;1;60000;Van Wijk;Nieuwe weg 108;Veenoord;77141679;;;;;
2024;7845TB;1;437400;;;;;;;;;
2024;7846AP;1;250900;;;;;;;;;
2024;7846TB;1;419480;Stoeterij Fitjar;De Hullen 1;Noord-Sleen;4046906;;;;;
2024;7853TC;1;55120;;;;;;;;;
2024;7863TJ;1;306720;;;;;;;;;
2024;7871TG;1;265200;;;;;;;;;
2024;7872TA;1;337700;;;;;;;;;
2024;7874TL;1;252600;;;;;;;;;
2024;7881HK;1;127460;;;;;;;;;
2024;7881XB;1;290900;;;;;;;;;
2024;7884TB;1;13800;;;;;;;;;
2024;7885AN;1;58240;;;;;;;;;
2024;7887GB;1;511280;Maatschap D En Ah Heineke;Ericasestraat 46;Erica;1178093;;;;;
2024;7887GD;1;621260;;;;;;;;;
2024;7894AH;1;507800;;;;;;;;;
2024;7908WT;1;28500;;;;;;;;;
2024;7913TL;1;73100;;;;;;;;;
2024;7913TR;1;22540;;;;;;;;;
2024;7921XC;1;90680;;;;;;;;;
2024;7925PK;1;60000;Gangenpaarden Reestdal;Paardelanden 12;Linde;1163155;;;;;
2024;7925PL;1;87000;Stal Zuidema;Vuile Riete 7;Linde;67682197;;;;;
2024;7926TR;1;308000;;;;;;;;;
2024;7927PB;1;229220;;;;;;;;;
2024;7932PJ;1;216700;;;;;;;;;
2024;7934PD;1;109380;Hengstenhouderij Riekus En Ilonka Veninga;Hoofdweg 7;Stuifzand;2049180;;;;;
2024;7934PN;1;379600;;;;;;;;;
2024;7943KG;1;355020;;;;;;;;;
2024;7946KK;1;255700;Spring En Handelsstal Hoorn;Gasthuisdijk 1 a;Wanneperveen;8178469;;;;;
2024;7946LZ;1;284000;Hj Kamphof;Zomerdijk 5;Wanneperveen;53347080;;;;;
2024;7948LE;1;158700;Handel En Pension Stal Egberdina Hoeve;Nijeveense Bovenboer 29;Nijeveen;77363205;;;;;
2024;7948NH;1;348940;;;;;;;;;
2024;7949AN;1;36000;;;;;;;;;
2024;7951PK;1;81000;Stoeterij Druivenstein Vof;Druivensteinweg 1;Staphorst;74373927;;;;;
2024;7954PB;1;50000;;;;;;;;;
2024;7957NB;1;194600;;;;;;;;;
2024;7958RA;1;319300;;;;;;;;;
2024;7958SR;1;71760;;;;;;;;;
2024;7961LN;1;217000;Dagmar Dressage;De Weidenweg 17 a;Ruinerwold;68503490;;;;;
2024;7961NT;1;200000;;;;;;;;;
2024;7963PC;1;131640;Stal Heeserveld;Echtenseweg 12;Ruinen;66024439;;;;;
2024;7966AA;1;189580;Stal Johan Heins Bv;Hessenweg 30;De Schiphorst;4061736;;;;;
2024;7966AB;1;687700;Vds Horses;Schiphorsterweg 27;De Schiphorst;68606893;;;;;
2024;7981NA;1;389800;;;;;;;;;
2024;7981ND;1;153800;;;;;;;;;
2024;7986PP;1;70000;;;;;;;;;
2024;7991AB;1;31440;;;;;;;;;
2024;7991NB;1;511560;Cjp Bel;Lheebroekerweg 1;Dwingeloo;69634424;;;;;
2024;8014BE;2;503700;;;;;;;;;
2024;8020;1;35900;;;;;;;;;
2024;8021DA;1;2000;;;;;;;;;
2024;8034PJ;1;576900;;;;;;;;;
2024;8035PL;1;330000;;;;;;;;;
2024;8051SH;1;52140;Maatschap Dirksen;Hoenwaardseweg 11;Hattem;57810265;;;;;
2024;8061RR;1;72950;;;;;;;;;
2024;8071RR;1;384540;;;;;;;;;
2024;8071SJ;1;311000;D Van Engelen;Vreeweg 97;Nunspeet;8206198;;;;;
2024;8072DG;1;371800;;;;;;;;;
2024;8076PM;1;333600;;;;;;;;;
2024;8077RA;1;390800;Stal Mol;Varelseweg 42;Hulshorst;74043528;;;;;
2024;8077RT;1;160000;T Hofman;Poppeswegje 32;Hulshorst;8194884;;;;;
2024;8081RZ;1;276280;;;;;;;;;
2024;8084HE;1;267000;;;;;;;;;
2024;8084PM;2;105000;;;;;;;;;
2024;8091PD;1;154700;Stal Ysselvliedt;Jan Boerswegje 3;Wezep;8110036;;;;;
2024;8091PK;1;63000;Stal Van Den Berg Vof;Brandsweg 22;Wezep;77093917;;;;;
2024;8091PL;1;486600;Stoeterij Turfhorst Bv;Nieuwe Dijk 5;Wezep;69067678;;;;;
2024;8094SB;1;3546990;;;;;;;;;
2024;8096PJ;1;15000;;;;;;;;;
2024;8096PS;1;129650;;;;;;;;;
2024;8101PS;1;30000;;;;;;;;;
2024;8102RN;1;218380;Stal 't Reelaer;Heinoseweg 10;;;0572-363398;;;;
2024;8102SL;1;1114200;Jjs Winterstalling Opfok;Hagweg 9;Raalte;5073786;;;;;
2024;8102ST;1;15400;Overmars Breeding And Sporthorses;Wolthaarsdijk WZ 9;Raalte;73298360;;;;;
2024;8105RE;1;84000;Jgam Reimink;Schanekampsweg 6;Luttenberg;8216527;;;;;
2024;8105SB;1;52800;Hhm Bosch;Lemelerweg 52;Luttenberg;8190506;;;;;
2024;8105SK;1;42180;Oosterlaar Horses Import En Export Bv;Vondervoortsweg 9;Luttenberg;60213450;;;;;
2024;8106AC;1;368200;;;;;;;;;
2024;8106AG;1;1068400;;;;;;;;;
2024;8106RJ;1;36500;;;;;;;;;
2024;8106RK;1;217300;;;;;;;;;
2024;8112PK;1;238420;;;;;;;;;
2024;8112PS;1;108000;Gp Horses;Reuskenweg 3;Nieuw Heeten;62668684;;;;;
2024;8112PT;1;202300;;;;;;;;;
2024;8121RV;1;625500;Fw Jansen En Jm Jansen Meijerink;Kloosterstraat 13;Olst;54056454;;;;;
2024;8124RA;1;66480;;;;;;;;;
2024;8131TC;1;931000;;;;;;;;;
2024;8141PA;1;347000;Mb Stables;Oude Rozeboomseweg 2;Heino;70657351;;;;;
2024;8141PN;1;66700;;;;;;;;;
2024;8144RC;1;524300;Stal Herenbrink;Herenbrinksweg 3 a;Lierderholthuis;50356143;;;;;
2024;8144RE;1;75000;Stal Middag;Lierderholthuisweg 42;Lierderholthuis;60245158;;;;;
2024;8146PK;1;73100;;;;;;;;;
2024;8146PM;1;191300;;;;;;;;;
2024;8148RH;1;286700;Ekkelkamp Never Know;Hellendoornseweg 23;Lemele;8211267;;;;;
2024;8151AT;1;161000;F Hoogenboom;Ommerweg 6 A;Lemelerveld;61960411;;;;;
2024;8152DG;1;501700;Stal De Hoge Linde;Dwarsweg 10;Lemelerveld;8199947;;;;;
2024;8153RC;1;30000;Mam Streppel;Oude Twentseweg 48 A;Lemelerveld;8221553;;;;;
2024;8162NE;1;405200;;;;;;;;;
2024;8162NG;2;106000;;;;;;;;;
2024;8162PR;1;41000;Maatschap Richfarm;Tongerenseweg 200;Epe;8192571;;;;;
2024;8162RP;1;317080;;;;;;;;;
2024;8166JR;1;183300;;;;;;;;;
2024;8166KR;1;3208280;Vof De Lindehoeve;Nijbroekerweg 11;Emst;55291341;;;;;
2024;8167LP;1;66000;Hekking Horses;Rozenkampweg 26;Oene;73633755;;;;;
2024;8167LV;1;133580;;;;;;;;;
2024;8171LC;1;45450;Stoeterij De Gathe Bv;Gatherweg 22;Vaassen;55031560;;;;;
2024;8171LE;1;270700;;;;;;;;;
2024;8171PT;1;433800;;;;;;;;;
2024;8171RK;1;118700;;;;;;;;;
2024;8181NN;1;65000;;;;;;;;;
2024;8181PM;1;473200;;;;;;;;;
2024;8181RA;1;589500;;;;;;;;;
2024;8191BW;1;42600;;;;;;;;;
2024;8191KM;1;339940;;;;;;;;;
2024;8191KT;1;16400;;;;;;;;;
2024;8211BB;1;116600;;;;;;;;;
2024;8211BD;1;32580;;;;;;;;;
2024;8219PE;1;991100;Aike Wolfs;Bijlweg 4;Lelystad;39071088;;;;;
2024;8219PV;1;608500;;;;;;;;;
2024;8222AJ;1;495920;Lelymare Horses;Beginweg 35;Lelystad;72910763;;;;;
2024;8245AB;1;728800;;;;;;;;;
2024;8251PB;2;1121800;;;;;;;;;
2024;8251PX;1;686500;;;;;;;;;
2024;8251RC;1;89200;;;;;;;;;
2024;8251RG;1;83640;;;;;;;;;
2024;8251SJ;1;245500;;;;;;;;;
2024;8255PM;1;268600;;;;;;;;;
2024;8255RT;1;107800;;;;;;;;;
2024;8256PD;1;605400;;;;;;;;;
2024;8256PS;1;117000;De Schreef;Hoekwantweg 4;Biddinghuizen;32155343;;;;;
2024;8256RA;1;122000;Alice Naber-Lozeman;Mosselweg 9;;;321331142;;;;
2024;8256RW;1;448000;;;;;;;;;
2024;8265PD;1;669400;;;;;;;;;
2024;8271PJ;1;260780;;;;;;;;;
2024;8276BC;1;1388590;;;;;;;;;
2024;8278AB;1;82260;Stal Retto;Kamperstraatweg 23 B;Kamperveen;5049373;;;;;
2024;8278AN;1;207360;Stal Wittenstein;Wittensteinse allee 3;Kamperveen;8190719;;;;;
2024;8293PA;1;265680;Vof Henniphof;Bisschopswetering 78;Mastenbroek;50147366;;;;;
2024;8302AZ;2;655600;;;;;;;;;
2024;8303MK;1;152700;;;;;;;;;
2024;8308PN;1;84880;;;;;;;;;
2024;8313PL;1;196200;;;;;;;;;
2024;8313PX;1;424600;;;;;;;;;
2024;8313RM;1;454960;;;;;;;;;
2024;8314PW;1;350700;;;;;;;;;
2024;8314PX;1;220300;;;;;;;;;
2024;8321NC;1;76500;;;;;;;;;
2024;8336KJ;1;207840;;;;;;;;;
2024;8338KG;1;641900;;;;;;;;;
2024;8346KP;1;420400;;;;;;;;;
2024;8381XL;1;105800;Stal Jede Vledder Vof;Vledderlanden 1;Vledder;66036119;;;;;
2024;8385GL;1;323620;;;;;;;;;
2024;8392NL;1;417410;Manege Handels En Africhtingsstal Veenstra;Boijlerweg 124;Boijl;1098042;;;;;
2024;8392NV;1;149000;;;;;;;;;
2024;8393RC;1;1116600;Paardensportcentrum de Zuidstroom;Noordwolderweg 8 A;;;0561-431443;;;;
2024;8396GX;1;303700;;;;;;;;;
2024;8397GA;1;327240;Paardensportcentrum Stegeman;Bovenweg 20;De Blesse;1109752;;;;;
2024;8397LG;1;137800;;;;;;;;;
2024;8401BD;1;56900;Dekema Ruitersport;Dwersfeart 13;Gorredijk;1101630;;;;;
2024;8408JD;1;100000;Maatschap Bakker Zoethout;Bûtewei 57;Lippenhuizen;1162413;;;;;
2024;8409CL;1;125000;Ride With Pride Pension En Opfokstalling;Poasen 25;Hemrik;51487802;;;;;
2024;8409JG;1;35000;;;;;;;;;
2024;8422DN;1;291100;;;;;;;;;
2024;8423TA;1;194200;;;;;;;;;
2024;8426AJ;1;154170;;;;;;;;;
2024;8426EN;1;305900;;;;;;;;;
2024;8431TX;1;348900;;;;;;;;;
2024;8434ND;1;61300;;;;;;;;;
2024;8435VW;1;383800;Stoeterij Hanestreek;Hanestreek 7;Donkerbroek;1104737;;;;;
2024;8451KD;1;459800;Hanovers Hoeve;Schoterlandseweg 82;Oudeschoot;4036750;;;;;
2024;8459BR;1;339500;;;;;;;;;
2024;8462TD;1;252480;Oak Ranch;Schoterweg 12;Rotstergaast;54173418;;;;;
2024;8464VK;1;1266500;Stal Fan De Kadyk;Kadijk 14;Sintjohannesga;1142393;;;;;
2024;8468ME;1;8800;;;;;;;;;
2024;8471ZD;1;219900;;;;;;;;;
2024;8472AS;1;108000;;;;;;;;;
2024;8474EA;1;385980;;;;;;;;;
2024;8474EB;1;621620;;;;;;;;;
2024;8477AG;1;40000;;;;;;;;;
2024;8479HJ;2;802440;Roos Stables;Pieter Stuyvesantweg 97;Oldetrijne;1158774;;;;;
2024;8494MZ;2;849440;B De Boer;Birstum 7;Nes;1176259;;;;;
2024;8495NG;1;300000;Henswoude Dekstation En Exportstal;Prikwei 15;Aldeboarn;1173751;;;;;
2024;8501ZC;1;33580;;;;;;;;;
2024;8501ZE;1;338500;;;;;;;;;
2024;8501ZJ;1;110500;Stoeterij Bommelsteyn Bv;Polderboskdyk 13 a;Joure;1015117;;;;;
2024;8506BA;1;146300;;;;;;;;;
2024;8510;1;280720;;;;;;;;;
2024;8512AA;1;19000;;;;;;;;;
2024;8513CH;1;215100;;;;;;;;;
2024;8522ML;1;146600;W Wester;Strjitwei 12;Tjerkgaast;63287439;;;;;
2024;8522MV;1;66000;Stal Breimer;Gaestdyk 4;Tjerkgaast;1118898;;;;;
2024;8526DV;1;33000;;;;;;;;;
2024;8529MJ;1;64400;;;;;;;;;
2024;8532BS;1;25000;;;;;;;;;
2024;8538RH;1;66100;;;;;;;;;
2024;8565GP;1;64260;T Schraa;Noorderreed 12;Sondel;61368199;;;;;
2024;8566JE;1;30000;;;;;;;;;
2024;8567HA;1;106840;;;;;;;;;
2024;8567LL;1;425260;Opfokstal Beuckens Oudemirdum;Huningspaed 21;Oudemirdum;51096463;;;;;
2024;8571RL;1;393040;Stal Geertsma Vof;Harichsterdyk 4;Harich;1167550;;;;;
2024;8584VA;1;89000;;;;;;;;;
2024;8584VS;1;50610;;;;;;;;;
2024;8608JL;1;30320;;;;;;;;;
2024;8617LA;1;581000;Stoeterij Koopmans Vof;Rige 2;Abbega;61838845;;;;;
2024;8626GA;1;9750;;;;;;;;;
2024;8627SH;1;25000;;;;;;;;;
2024;8629RM;1;102900;;;;;;;;;
2024;8633WR;1;87400;;;;;;;;;
2024;8636VX;1;239300;;;;;;;;;
2024;8642WG;1;19100;;;;;;;;;
2024;8658LL;1;28940;;;;;;;;;
2024;8700;1;19700;;;;;;;;;
2024;8721GE;1;20000;Maatschap J En B Westhof;Boppelâns 23;Warns;62660152;;;;;
2024;8723BX;1;24000;Maatschap A En J Heida;Poel 1;Koudum;1150086;;;;;
2024;8723EK;1;95300;Stal De Heamar;Haanmeer 2;Koudum;71761993;;;;;
2024;8723LZ;2;118250;;;;;;;;;
2024;8730;1;32960;;;;;;;;;
2024;8741KE;1;558600;;;;;;;;;
2024;8748CW;1;25680;;;;;;;;;
2024;8750;1;21600;;;;;;;;;
2024;8753JA;1;154300;;;;;;;;;
2024;8763MD;1;1232940;;;;;;;;;
2024;8765LH;1;49700;;;;;;;;;
2024;8772KL;1;384800;;;;;;;;;
2024;8802PH;1;45000;Paardenhouderij Jj Hettinga;War 6;Franeker;1118856;;;;;
2024;8804RJ;1;44180;;;;;;;;;
2024;8806KR;1;79200;;;;;;;;;
2024;8820;1;202520;;;;;;;;;
2024;8821LW;1;706480;;;;;;;;;
2024;8822WD;1;28120;;;;;;;;;
2024;8832KD;1;44100;;;;;;;;;
2024;8843KD;1;35360;;;;;;;;;
2024;8851RE;1;100000;Maatschap Lootsma;Kammingadammen 2;Tzummarum;1172604;;;;;
2024;8851RH;1;8000;;;;;;;;;
2024;8862BM;1;907100;Van Der Meer Horsea Bv;Ludingaweg 36;Harlingen;53126114;;;;;
2024;8862CE;1;185350;J Van Der Pol;Herbaijumerweg 6;Harlingen;1170610;;;;;
2024;8899BV;1;44000;;;;;;;;;
2024;9000;1;8100;;;;;;;;;
2024;9005XK;1;813520;;;;;;;;;
2024;9009XD;1;33280;;;;;;;;;
2024;9011WJ;1;5980;;;;;;;;;
2024;9023AP;1;470100;;;;;;;;;
2024;9025BR;1;3729430;Sws Beers;Bearsterdyk 14;Bears;1068774;;;;;
2024;9034VB;1;283160;;;;;;;;;
2024;9035VK;1;148480;;;;;;;;;
2024;9036LP;1;336100;;;;;;;;;
2024;9041VL;1;52380;;;;;;;;;
2024;9057LH;1;1337200;Seldsum Equine Fertility;Piter Rindertsreedsje 16;Jelsum;52258572;;;;;
2024;9074AA;1;14200;;;;;;;;;
2024;9074TG;1;930000;Maatschap Jw Pw En F Bouma;Noorderleeg 5;Hallum;1176711;;;;;
2024;9074TJ;1;217000;;;;;;;;;
2024;9077SW;1;500600;;;;;;;;;
2024;9077TX;2;766230;;;;;;;;;
2024;9079LH;1;514500;Stal Hermes;Westeinde 43;St.-Jacobiparochie;1043403;;;;;
2024;9079PB;1;39130;;;;;;;;;
2024;9079PE;1;77540;;;;;;;;;
2024;9100;1;52020;;;;;;;;;
2024;9105KJ;1;60000;Mts G En Hg Epema;Galgeheech 9;Rinsumageast;63300303;;;;;
2024;9108NA;1;118700;;;;;;;;;
2024;9111GK;1;91900;;;;;;;;;
2024;9112;1;203800;;;;;;;;;
2024;9113AV;1;7505468;;;;;;;;;
2024;9150;1;97500;;;;;;;;;
2024;9160;1;116060;;;;;;;;;
2024;9170;1;740000;;;;;;;;;
2024;9171AL;1;278000;De Gouden Hoep;AEbingaloane 6;Blije;55104789;;;;;
2024;9205BZ;1;896300;4 Horses Bv Io;Oprijlaan 1;Drachten;75831376;;;;;
2024;9212VB;1;20000;;;;;;;;;
2024;9215VP;1;962000;Maatschap Talen;De Flearbosk 8;De Veenhoop;78042429;;;;;
2024;9216XH;1;164000;;;;;;;;;
2024;9216XM;1;100000;;;;;;;;;
2024;9222NT;1;146040;;;;;;;;;
2024;9223LR;1;312900;;;;;;;;;
2024;9241GA;1;35000;T Schaap;Merkebuorren 13;Wijnjewoude;1174941;;;;;
2024;9241HM;1;32240;Stal Ten Hove;Tjalling Harkeswei 89;Wijnjewoude;57429235;;;;;
2024;9241WB;1;306260;Ritsma Show Horse;Nije Heawei 7;Wijnjewoude;61167975;;;;;
2024;9241WJ;1;407600;;;;;;;;;
2024;9243SK;1;531500;H De Vries;Mjûmster Wei 39;Bakkeveen;1159764;;;;;
2024;9244GC;1;28080;;;;;;;;;
2024;9247TT;1;276940;;;;;;;;;
2024;9247WL;1;836000;Horses2Connect;Bûtewei 20;Ureterp;1165382;;;;;
2024;9248WR;1;1052870;;;;;;;;;
2024;9258CV;1;734200;;;;;;;;;
2024;9261XL;1;53300;Hengstenstation It Heechsan;Boerestreek 4;Eastermar;1092044;;;;;
2024;9261XV;1;71000;Stal Yn It Span;Robyntsjewei 15;Eastermar;1164317;;;;;
2024;9270;1;47200;;;;;;;;;
2024;9271VG;1;137300;Maatschap A F P En W Kamminga;Miedloane 20;De Westereen;1172741;;;;;
2024;9281LA;1;66330;;;;;;;;;
2024;9285XK;1;50000;Entrainement Smeding;Oost 29;Buitenpost;55861970;;;;;
2024;9289HC;1;157950;Paardenhouderij R Tel En Mr Dr J Bos;Tillewei 32 A;Drogeham;68195699;;;;;
2024;9289HH;1;20000;Hj Stables Paardenfok En Pensionstal;de Droegehamster Feart 3;Drogeham;75283336;;;;;
2024;9289XL;1;71300;Stal Henstra;Jan Gerkeswei 12;Drogeham;1078763;;;;;
2024;9296VB;1;150000;;;;;;;;;
2024;9301ZD;1;303860;;;;;;;;;
2024;9307PB;1;178160;;;;;;;;;
2024;9321XN;1;72000;Stal Hartlief;Lieverseweg 32;Peize;74424300;;;;;
2024;9354AC;1;216300;;;;;;;;;
2024;9354TD;1;15300;;;;;;;;;
2024;9354VH;1;77500;;;;;;;;;
2024;9354XM;1;695440;;;;;;;;;
2024;9355TE;1;112860;;;;;;;;;
2024;9356AV;1;957300;;;;;;;;;
2024;9356VA;2;221880;Roosterhuis;De Holm 7;Tolbert;61331783;;;;;
2024;9363AG;1;584800;;;;;;;;;
2024;9363VC;2;279800;Stal Haarsterweide;Haarsterweg 51;Marum;51143666;;;;;
2024;9363VE;1;227000;;;;;;;;;
2024;9363VK;1;181900;;;;;;;;;
2024;9364PG;1;539160;;;;;;;;;
2024;9364PR;1;336200;;;;;;;;;
2024;9405VD;1;206200;;;;;;;;;
2024;9411VA;1;21500;;;;;;;;;
2024;9411XC;1;58820;;;;;;;;;
2024;9411XD;1;118240;Portella Hoeve;Eursing 46;Beilen;1068554;;;;;
2024;9414TN;1;16520;;;;;;;;;
2024;9422CH;1;72400;;;;;;;;;
2024;9431BZ;1;343000;;;;;;;;;
2024;9443PA;1;473580;;;;;;;;;
2024;9443TJ;2;722060;Boerderijcamping Roeloomskamp;Hoofdstraat 10;Schoonloo;4050349;;;;;
2024;9443TL;2;120200;Maatschap Mj En G Lensing;Elperstraat 9;Schoonloo;1163941;;;;;
2024;9445XH;1;100000;A Somer;Vredenheim 3;Vredenheim;71556176;;;;;
2024;9447TW;1;139500;;;;;;;;;
2024;9457TA;1;794120;Marcel Hauber Trotting Stable Bv;Deurze 23;Deurze;4078457;;;;;
2024;9457TB;1;195000;;;;;;;;;
2024;9458TA;1;24000;Stal Dolfing;Balloo 13;Balloo;1174280;;;;;
2024;9462PN;1;503800;Manege Gasselte Cv;Lutkenend 19 a;Gasselte;4029215;;;;;
2024;9481AV;1;949700;R Meijer;Verlengde Noordenveldweg 3;Vries;51795515;;;;;
2024;9497PS;1;73260;Dba Stables;Zuideinde 10;Donderen;62026453;;;;;
2024;9497TE;1;333460;Stal En Erf;Scheperijen 1;Donderen;77388119;;;;;
2024;9502CB;1;442020;;;;;;;;;
2024;9503RL;1;41180;;;;;;;;;
2024;9525TC;1;65080;Petronellahoeve;Noorderstraat 46;Drouwenerveen;1142125;;;;;
2024;9525TJ;1;9010;;;;;;;;;
2024;9525TK;1;147160;Oosterhoeve;Zuideind 8 A;Drouwenerveen;71290362;;;;;
2024;9528TA;1;418340;;;;;;;;;
2024;9531TE;2;786900;Ist En Pensionstal Beekdal;Strengenweg 11;Borger;57171491;;;;;
2024;9536PG;1;109280;;;;;;;;;
2024;9561CS;1;261600;;;;;;;;;
2024;9564PC;1;241300;;;;;;;;;
2024;9584TH;1;213280;;;;;;;;;
2024;9591TS;1;95300;;;;;;;;;
2024;9602VT;1;65740;Stalhouderij En Manege Nieboer Bv;van der Duyn v Maasdamwg 274 a;Hoogezand;59496428;;;;;
2024;9605PP;1;551500;;;;;;;;;
2024;9608PB;1;264600;;;;;;;;;
2024;9614AE;2;918040;Mts Heringa;Hoofdweg 183;Harkstede GN;52208044;;;;;
2024;9622PE;1;170000;;;;;;;;;
2024;9627PA;1;207700;;;;;;;;;
2024;9651AB;1;35560;;;;;;;;;
2024;9658PG;1;168280;;;;;;;;;
2024;9660;1;24700;;;;;;;;;
2024;9661TJ;1;1066380;F Ten Seldam;Höchterweg 3;Alteveer;56476558;;;;;
2024;9663SN;1;349380;;;;;;;;;
2024;9672TC;1;424600;;;;;;;;;
2024;9675TA;1;675120;;;;;;;;;
2024;9675TT;2;1027500;;;;;;;;;
2024;9684EM;1;225400;;;;;;;;;
2024;9723AT;1;168820;;;;;;;;;
2024;9745CP;1;220600;;;;;;;;;
2024;9745EM;2;1270040;Mts De Groene Weide Paardenopfokbedrijf;Aduarderdiepsterweg 17;Groningen;68215878;;;;;
2024;9755PA;1;213000;;;;;;;;;
2024;9765EM;1;374460;Manegefokstal De Marsch;Hooiweg 200;Paterswolde;57899150;;;;;
2024;9781TS;1;130250;;;;;;;;;
2024;9792TD;1;78300;;;;;;;;;
2024;9792TK;1;250100;;;;;;;;;
2024;9795TA;1;71200;;;;;;;;;
2024;9797TA;1;255480;;;;;;;;;
2024;9800;1;89320;;;;;;;;;
2024;9821TB;1;287000;Manege Stal De Wijk;Kuzemerweg 18 A;Oldekerk;2078116;;;;;
2024;9821TE;1;919680;Stoeterij T Oosterzand;Zandumerweg 23;Oldekerk;71828362;;;;;
2024;9821TG;1;363420;;;;;;;;;
2024;9824PE;1;225500;;;;;;;;;
2024;9824TC;1;8000;;;;;;;;;
2024;9831;1;19400;;;;;;;;;
2024;9832TE;1;445000;;;;;;;;;
2024;9863TP;1;208860;;;;;;;;;
2024;9864TE;1;77848;Opfokbedrijf On Y Va;Snipperij 3;Kornhorn;1150063;;;;;
2024;9865VN;1;412850;Eloma Hoeve;Parkweg 9;Opende;78097452;;;;;
2024;9865VX;1;204460;;;;;;;;;
2024;9866TN;1;30000;;;;;;;;;
2024;9880;1;37320;;;;;;;;;
2024;9910;1;25840;;;;;;;;;
2024;9931BT;1;1307300;;;;;;;;;
2024;9940;1;430760;;;;;;;;;
2024;9944AA;1;294820;;;;;;;;;
2024;9944BW;1;106240;;;;;;;;;
2024;9945RC;1;389200;Maatschap Bosma Boonstra;Meerweg 3;Wagenborgen;1154528;651276781;;;;
2024;9951TR;2;439320;Stal Homan;Klein Garnwerd 4;Winsum;1171752;;;;;
2024;9967TK;1;1699700;Sijbrand Iwema Flevo Farm;Oosterweg 1;Eenrum;75757095;;;;;
2024;9973TB;1;170000;Maatschap K Van Der Lei;Vlakkeriet 5;Houwerzijl;1151780;;;;;
2024;9975VZ;1;391080;;;;;;;;;
2024;9981ND;1;383660;;;;;;;;;
2024;9989EK;1;121600;;;;;;;;;
2024;9990;1;393620;;;;;;;;;
2024;9991;1;815300;;;;;;;;;
2024;9995NC;1;49000;Pensionstal Van Vliet;Bredeweg 27;Kantens;65486404;;;;;
